,Gender,Age-group,Income-Level,Occupation
0,1,1,1,0
1,0,1,1,1
2,1,1,0,2
3,0,1,2,2
4,0,1,2,3
5,0,1,1,0
6,0,1,2,0
7,1,2,1,0
8,1,1,2,2
9,1,1,1,1
10,0,1,1,2
11,1,1,2,0
12,1,1,1,2
13,1,1,1,2
14,0,1,1,0
15,0,1,1,2
16,0,1,2,1
17,0,1,0,1
18,1,1,1,1
19,1,1,2,2
20,1,1,2,2
21,0,1,2,0
22,0,1,1,0
23,0,1,2,0
24,1,1,1,0
25,1,1,1,0
26,1,1,1,0
27,0,1,1,0
28,1,1,2,0
29,1,1,1,0
30,1,1,1,0
31,1,0,1,0
32,1,1,2,0
33,0,0,1,1
34,0,1,2,1
35,0,1,2,1
36,1,1,1,1
37,1,1,1,1
38,1,1,1,1
39,0,0,2,3
40,0,1,0,3
41,1,0,1,3
42,1,1,0,2
43,1,1,1,2
44,1,1,1,2
45,0,1,1,2
46,1,0,2,2
47,0,1,1,2
48,1,1,2,2
49,0,1,1,2
50,0,1,2,2
51,1,1,1,2
52,0,1,1,1
53,0,1,2,1
54,0,1,2,1
55,0,1,1,1
56,1,2,1,1
57,1,1,1,1
58,0,0,1,1
59,0,1,1,1
60,1,1,2,1
61,1,1,1,1
62,0,1,1,1
63,1,1,1,1
64,0,1,1,1
65,1,1,0,1
66,0,1,1,1
67,0,1,1,0
68,1,1,1,0
69,1,1,1,0
70,1,1,1,0
71,1,1,1,0
72,1,1,1,0
73,1,1,2,0
74,1,1,1,0
75,0,1,1,1
76,1,1,0,1
77,0,0,1,1
78,0,1,1,1
79,0,1,1,2
80,0,0,1,0
81,0,1,1,1
82,0,2,1,1
83,1,1,0,1
84,0,1,1,1
85,1,1,2,0
86,0,0,2,0
87,0,1,1,1
88,1,1,1,2
89,1,1,1,0
90,0,2,1,1
91,0,1,1,1
92,1,1,1,2
93,0,1,0,0
94,0,1,1,1
95,0,1,1,2
96,1,0,1,0
97,0,1,1,2
98,0,1,1,0
99,1,1,1,2
100,0,2,1,2
101,1,2,1,2
102,1,2,1,1
103,1,1,1,1
104,1,1,1,1
105,1,1,0,1
106,1,1,1,1
107,1,1,1,2
108,0,1,0,1
109,0,0,2,0
110,0,1,0,1
111,0,1,2,2
112,0,2,2,4
113,1,1,1,0
114,0,1,1,1
115,1,2,1,1
116,0,1,1,1
117,1,1,1,1
118,1,1,1,1
119,0,2,1,1
120,1,1,0,1
121,0,1,1,1
122,0,1,1,1
123,1,1,1,1
124,1,1,1,1
125,0,1,1,1
126,0,1,0,1
127,0,2,1,0
128,0,2,0,1
129,1,1,0,1
130,0,2,0,1
131,0,1,0,1
132,0,1,0,2
133,1,1,0,1
134,0,2,0,3
135,0,1,1,3
136,0,1,0,3
137,0,2,2,3
138,0,2,0,1
139,0,1,1,0
140,0,1,0,1
141,0,1,0,1
142,1,1,0,1
143,0,2,0,3
144,0,2,0,4
145,1,2,0,1
146,1,1,0,1
147,0,1,0,0
148,1,1,0,3
149,0,2,0,4
150,0,2,1,2
151,0,2,0,4
152,0,2,0,1
153,0,2,1,1
154,0,2,1,1
155,0,0,1,1
156,0,1,1,1
157,0,1,1,1
158,1,1,0,1
159,0,2,0,1
160,0,2,1,1
161,1,1,1,0
162,1,1,1,2
163,1,1,2,2
164,0,1,1,0
165,1,1,0,2
166,1,1,0,3
167,1,1,1,1
168,0,2,0,4
169,0,1,2,2
170,1,1,1,1
171,1,1,2,2
172,1,1,0,3
173,1,1,1,0
174,1,1,1,0
175,1,1,0,2
176,1,1,1,0
177,1,1,2,2
178,0,2,1,0
179,0,1,0,2
180,0,1,0,0
181,0,1,1,2
182,0,0,1,3
183,0,1,1,0
184,0,1,1,0
185,1,2,0,4
186,0,2,1,2
187,1,0,1,0
188,0,0,1,0
189,0,2,1,3
190,0,1,1,3
191,1,1,1,0
192,1,1,1,0
193,0,1,1,2
194,1,1,1,2
195,1,1,1,2
196,0,1,1,0
197,0,1,0,2
198,1,0,1,2
199,1,1,0,1
200,0,1,1,1
201,0,1,1,1
202,0,1,1,1
203,0,1,1,1
204,1,1,1,1
205,0,1,1,1
206,1,1,1,1
207,1,0,1,1
208,1,1,1,1
209,1,1,1,1
210,1,1,1,1
211,0,1,1,1
212,1,1,1,1
213,1,2,2,1
214,1,2,0,4
215,1,2,0,4
216,0,2,0,4
217,1,2,2,4
218,0,1,0,3
219,1,1,0,0
220,0,1,0,3
221,1,1,0,3
222,1,1,1,0
223,0,1,0,3
224,0,1,0,0
225,1,1,0,0
226,0,2,1,3
227,1,1,1,3
228,1,1,1,3
229,1,1,1,2
230,0,1,1,2
231,1,2,0,2
232,1,1,1,2
233,1,1,0,3
234,0,1,0,2
235,0,1,0,4
236,0,1,1,2
237,0,2,2,4
238,1,1,0,0
239,0,2,1,0
240,1,1,0,0
241,0,1,0,0
242,0,1,0,0
243,0,1,1,0
244,0,0,1,0
245,1,1,1,0
246,0,2,0,3
247,1,1,1,3
248,0,1,1,2
249,0,1,0,2
250,0,1,1,2
251,1,1,1,2
252,1,1,0,0
253,0,1,0,0
254,0,1,0,0
255,1,1,1,2
256,1,1,1,0
257,1,1,1,2
258,1,1,1,2
259,1,1,1,2
260,0,1,1,2
261,1,1,1,2
262,0,1,1,3
263,0,1,1,0
264,1,1,1,0
265,0,1,1,0
266,0,1,1,0
267,1,1,0,0
268,1,1,2,0
269,1,1,1,0
270,0,1,1,0
271,1,1,1,1
272,1,1,1,1
273,1,1,0,1
274,1,0,1,1
275,1,0,1,1
276,1,0,1,1
277,1,1,0,1
278,1,1,0,1
279,0,1,1,1
280,0,1,1,1
281,0,2,1,1
282,0,2,0,1
283,0,2,0,1
284,0,2,1,1
285,0,2,0,1
286,0,2,1,1
287,1,2,1,1
288,1,2,0,1
289,1,2,1,1
290,0,2,1,1
291,0,2,0,1
292,0,2,1,1
293,1,2,0,1
294,0,2,0,1
295,0,2,1,1
296,0,2,1,1
297,0,2,0,1
298,1,2,0,1
299,0,1,1,1
300,0,1,1,1
301,1,1,1,1
302,0,1,1,1
303,0,1,0,1
304,1,1,1,1
305,0,1,0,1
306,1,1,1,1
307,1,1,1,1
308,0,1,1,1
309,1,1,1,1
310,1,1,2,1
311,1,1,1,1
312,1,1,1,1
313,0,1,1,1
314,1,1,0,1
315,1,1,1,1
316,0,1,0,1
317,1,1,0,1
318,1,1,2,1
319,1,1,1,1
320,1,1,1,1
321,1,1,1,1
322,1,1,1,1
323,1,1,0,1
324,0,1,1,1
325,1,1,0,1
326,0,1,0,1
327,1,1,0,1
328,0,1,0,1
329,0,1,1,1
330,1,1,1,1
331,0,0,1,0
332,1,2,0,2
333,1,1,1,0
334,0,0,2,2
335,0,0,1,1
336,1,2,0,3
337,1,2,1,2
338,0,1,0,4
339,1,2,0,4
340,1,1,0,0
341,1,1,0,2
342,1,1,0,2
343,1,2,0,4
344,0,2,0,3
345,0,2,0,4
346,0,2,0,4
347,0,1,1,2
348,1,2,2,4
349,1,1,0,3
350,0,0,1,5
351,1,2,0,3
352,0,0,0,3
353,1,2,0,3
354,0,1,0,0
355,1,2,0,3
356,0,1,2,0
357,1,1,0,2
358,1,0,1,0
359,0,1,0,2
360,0,1,0,4
361,0,1,0,0
362,0,1,0,4
363,1,1,1,2
364,0,1,0,3
365,0,0,0,3
366,0,2,0,4
367,1,2,0,4
368,0,2,1,4
369,0,2,0,3
370,0,2,0,4
371,1,2,1,0
372,1,2,0,4
373,0,2,2,4
374,0,2,0,4
375,1,2,0,2
376,0,2,0,4
377,1,2,0,4
378,1,2,0,4
379,0,2,0,4
380,1,2,0,4
381,0,2,0,0
382,0,1,1,2
383,1,0,1,3
384,0,2,1,2
385,1,1,0,3
386,0,0,0,3
387,0,1,0,0
388,1,0,1,2
389,1,0,1,3
390,1,1,0,0
391,0,2,0,4
392,1,2,1,4
393,1,2,0,4
394,0,2,1,4
395,1,2,1,4
396,1,2,0,4
397,1,2,0,4
398,1,2,0,4
399,1,2,0,4
400,0,2,2,4
401,1,2,0,4
402,0,2,0,4
403,1,0,1,3
404,0,1,2,2
405,0,1,2,0
406,0,1,0,3
407,0,2,1,4
408,1,1,0,3
409,1,2,1,4
410,1,1,1,2
411,1,1,1,2
412,1,0,0,3
413,1,1,1,2
414,1,1,2,2
415,0,1,1,2
416,1,1,0,0
417,1,0,1,3
418,1,1,1,1
419,0,1,2,1
420,0,2,0,1
421,1,1,1,1
422,0,1,1,1
423,0,1,1,1
424,1,2,0,1
425,1,1,1,1
426,0,2,1,1
427,0,1,0,1
428,0,1,2,1
429,1,1,1,1
430,1,2,1,1
431,0,1,1,1
432,1,1,1,1
433,1,2,0,1
434,1,2,0,1
435,0,2,0,1
436,0,1,1,1
437,0,0,1,1
438,1,2,0,1
439,1,2,0,1
440,0,2,0,1
441,0,2,0,1
442,1,1,0,1
443,1,1,0,1
444,0,1,0,1
445,0,1,0,1
446,0,2,0,1
447,0,2,0,1
448,1,1,1,1
449,1,2,1,1
450,1,1,1,1
451,0,1,0,1
452,0,1,1,1
453,1,2,0,1
454,0,1,1,1
455,0,1,1,1
456,0,2,1,1
457,0,2,1,1
458,0,2,0,1
459,0,2,1,1
460,0,2,0,1
461,1,1,1,1
462,0,2,0,1
463,1,2,0,1
464,1,2,1,1
465,1,2,0,1
466,1,1,1,1
467,0,2,0,1
468,0,1,0,1
469,0,2,0,1
470,1,1,0,1
471,0,2,0,1
472,0,2,0,1
473,1,2,0,1
474,1,2,0,1
475,0,2,0,1
476,1,2,0,1
477,1,2,1,1
478,0,1,0,1
479,0,2,0,1
480,1,2,0,1
481,1,1,2,1
482,0,1,1,1
483,0,1,1,1
484,1,1,2,1
485,0,1,1,1
486,0,1,1,1
487,0,1,1,1
488,1,1,1,1
489,1,1,1,1
490,0,1,1,1
491,0,1,0,1
492,1,1,0,1
493,0,1,1,1
494,0,1,0,1
495,1,1,1,1
496,1,1,1,1
497,1,1,1,1
498,0,1,2,1
499,1,1,1,1
500,0,1,1,1
501,0,1,1,1
502,0,1,1,1
503,1,1,2,1
504,0,1,1,1
505,0,1,1,1
506,0,1,1,1
507,1,1,1,1
508,1,1,1,1
509,0,1,1,1
510,1,1,2,1
511,1,1,2,1
512,1,1,1,1
513,1,1,2,1
514,0,1,2,1
515,0,1,0,1
516,0,1,1,1
517,1,1,0,1
518,1,1,0,1
519,0,1,1,1
520,1,1,1,1
521,0,1,1,1
522,0,1,0,1
523,0,1,1,1
524,0,1,2,1
525,1,1,0,1
526,0,1,1,1
527,0,1,1,1
528,0,1,1,1
529,0,1,1,1
530,1,1,1,1
531,1,1,1,1
532,1,1,1,1
533,0,1,1,1
534,1,1,1,1
535,0,1,0,1
536,1,1,0,1
537,1,1,0,1
538,0,1,0,1
539,0,1,1,1
540,0,1,0,1
541,1,1,1,1
542,0,1,1,1
543,0,1,0,1
544,0,1,2,1
545,1,1,1,1
546,0,1,0,1
547,0,1,1,1
548,1,1,1,1
549,0,1,1,1
550,0,1,0,1
551,0,1,1,1
552,1,1,1,1
553,1,1,1,1
554,0,1,0,1
555,1,1,1,1
556,1,1,2,1
557,1,1,1,1
558,0,1,1,1
559,0,1,1,1
560,0,1,1,1
561,0,1,1,1
562,0,1,1,1
563,0,1,1,1
564,1,1,1,1
565,1,1,1,1
566,0,1,1,1
567,0,1,2,1
568,0,1,0,1
569,0,1,1,1
570,1,1,1,1
571,1,1,2,1
572,1,1,2,1
573,1,1,1,1
574,1,1,1,1
575,1,1,1,1
576,0,1,1,1
577,1,1,1,1
578,0,1,0,1
579,0,1,1,1
580,0,1,1,1
581,0,1,1,1
582,1,1,1,1
583,0,1,1,1
584,0,1,1,1
585,1,1,1,1
586,0,1,1,1
587,0,1,2,1
588,0,1,1,1
589,0,1,1,1
590,1,1,1,1
591,0,1,0,1
592,0,1,0,1
593,1,2,0,1
594,0,2,2,1
595,1,2,0,1
596,0,2,0,1
597,1,2,1,1
598,0,2,0,1
599,0,2,1,1
600,0,2,0,1
601,1,2,0,1
602,0,2,0,1
603,0,2,0,1
604,1,2,0,1
605,1,2,1,1
606,0,2,0,1
607,0,2,1,1
608,1,2,1,1
609,0,2,2,1
610,1,2,1,1
611,0,2,0,1
612,1,2,1,1
613,0,2,0,1
614,0,2,1,1
615,1,2,0,1
616,1,2,1,1
617,0,2,2,1
618,0,2,0,1
619,0,2,1,1
620,1,2,1,1
621,1,2,1,1
622,1,2,0,1
623,0,2,1,1
624,1,2,0,1
625,0,2,0,1
626,0,2,0,1
627,0,2,0,1
628,1,2,0,1
629,0,2,1,1
630,1,2,1,1
631,0,1,2,1
632,0,1,1,1
633,0,1,1,1
634,0,1,1,1
635,0,1,1,1
636,1,1,1,1
637,0,1,1,1
638,0,1,0,1
639,1,1,1,1
640,0,1,1,1
641,0,0,0,1
642,1,0,1,1
643,0,0,1,1
644,0,2,2,1
645,0,2,2,1
646,1,0,1,1
647,1,0,1,1
648,1,2,1,1
649,1,2,0,1
650,1,2,0,1
651,0,2,0,1
652,0,2,0,1
653,1,2,2,1
654,0,2,0,1
655,0,2,2,1
656,0,2,2,1
657,0,2,1,1
658,0,2,0,1
659,0,2,1,1
660,0,2,0,1
661,0,2,1,1
662,1,1,0,1
663,1,1,1,1
664,1,1,1,1
665,1,1,1,1
666,1,1,1,1
667,1,1,1,1
668,1,1,2,1
669,1,1,1,1
670,1,1,2,1
671,0,1,1,1
672,0,1,1,1
673,1,1,1,1
674,1,1,1,1
675,0,1,1,1
676,1,1,1,1
677,0,1,1,1
678,1,1,1,1
679,1,1,1,1
680,0,1,1,1
681,0,1,1,1
682,1,1,0,1
683,1,1,1,1
684,1,1,1,1
685,1,1,2,0
686,0,1,1,0
687,0,1,0,0
688,1,1,1,3
689,1,0,1,5
690,0,0,1,3
691,1,0,2,0
692,1,0,1,0
693,1,1,1,1
694,0,0,1,0
695,1,1,1,2
696,1,1,1,0
697,1,2,2,3
698,0,0,0,2
699,1,1,1,0
700,0,0,0,1
701,1,1,1,0
702,1,1,0,3
703,0,1,0,3
704,1,1,0,3
705,1,0,0,3
706,0,1,1,2
707,0,1,2,2
708,1,1,1,2
709,0,1,2,2
710,1,0,2,3
711,1,1,1,2
712,1,1,2,2
713,0,0,2,0
714,0,1,2,3
715,0,1,1,2
716,1,2,0,4
717,1,2,1,3
718,1,2,1,4
719,0,2,1,4
720,1,2,1,2
721,0,2,1,4
722,1,2,1,2
723,1,2,0,2
724,0,2,0,2
725,0,2,0,4
726,0,2,0,3
727,0,2,0,4
728,0,2,0,4
729,1,2,1,4
730,1,2,0,2
731,1,2,1,4
732,1,2,0,1
733,1,2,0,4
734,0,2,0,3
735,1,2,0,1
736,0,2,0,1
737,1,2,1,2
738,0,2,0,4
739,0,2,0,3
740,1,2,0,4
741,0,2,0,5
742,1,2,0,1
743,0,2,0,4
744,0,2,0,4
745,1,2,1,4
746,1,2,0,3
747,0,2,0,4
748,0,2,0,4
749,1,2,1,4
750,0,2,1,4
751,1,1,1,0
752,1,1,1,4
753,0,1,1,0
754,1,1,0,3
755,0,1,0,1
756,0,1,0,1
757,1,1,0,1
758,0,1,0,3
759,0,1,1,1
760,0,1,0,2
761,1,1,1,2
762,0,1,1,1
763,1,1,0,1
764,0,1,2,2
765,1,1,0,3
766,0,1,0,3
767,0,1,1,0
768,0,1,0,3
769,0,1,1,2
770,1,1,0,0
771,1,1,0,3
772,0,1,0,2
773,1,1,2,0
774,0,1,1,0
775,1,1,0,1
776,0,1,0,1
777,1,1,1,2
778,1,1,1,1
779,0,1,1,1
780,1,1,1,1
781,0,1,0,3
782,1,1,0,1
783,1,1,1,4
784,1,1,0,3
785,1,1,1,0
786,1,1,1,2
787,1,1,1,0
788,0,1,1,3
789,1,1,2,0
790,1,1,2,2
791,0,1,1,2
792,1,1,1,1
793,1,1,2,2
794,1,1,1,2
795,1,1,1,2
796,0,1,1,2
797,1,1,2,2
798,1,1,0,3
799,0,1,1,0
800,0,1,1,2
801,0,1,1,1
802,1,1,1,0
803,0,2,2,2
804,0,2,2,0
805,0,2,0,4
806,0,2,0,4
807,0,2,0,0
808,1,2,0,2
809,0,2,0,5
810,0,2,2,4
811,1,2,1,4
812,1,2,1,4
813,0,2,1,1
814,1,0,1,0
815,0,0,1,1
816,0,0,1,2
817,0,0,2,2
818,0,0,2,3
819,1,0,1,3
820,0,0,1,3
821,1,0,1,2
822,0,0,1,0
823,1,0,1,2
824,1,1,1,1
825,1,1,1,0
826,0,1,1,1
827,0,1,1,2
828,0,1,0,2
829,0,1,1,0
830,1,1,0,0
831,1,1,0,2
832,0,1,1,2
833,0,1,1,0
834,1,1,2,0
835,1,1,0,3
836,1,1,1,2
837,0,1,2,2
838,1,1,1,2
839,1,1,1,2
840,1,1,2,0
841,1,1,1,0
842,1,1,1,0
843,1,1,2,0
844,0,1,1,0
845,1,1,2,0
846,1,1,1,0
847,0,1,1,0
848,1,1,1,0
849,0,1,1,0
850,1,1,2,0
851,1,1,2,0
852,0,1,1,2
853,1,1,1,2
854,0,1,1,3
855,1,1,0,3
856,1,1,0,3
857,1,1,0,3
858,1,1,1,2
859,0,1,1,2
860,1,1,1,3
861,0,1,1,2
862,0,1,1,2
863,1,1,1,2
864,1,1,1,2
865,1,1,2,2
866,0,1,0,0
867,0,1,2,0
868,0,1,0,0
869,0,1,0,0
870,1,1,1,2
871,1,1,1,0
872,0,1,1,2
873,0,1,0,3
874,1,1,2,0
875,1,0,1,0
876,1,0,1,2
877,0,0,2,0
878,1,0,1,2
879,1,0,1,0
880,1,0,1,3
881,1,0,1,1
882,1,0,1,2
883,1,0,0,2
884,1,0,1,2
885,1,0,2,0
886,0,2,0,1
887,0,2,0,3
888,1,2,0,1
889,1,2,1,3
890,0,2,1,2
891,1,2,0,0
892,1,2,0,3
893,0,2,1,2
894,0,2,0,4
895,1,2,2,4
896,0,2,1,4
897,0,2,0,4
898,1,2,1,1
899,1,2,0,3
900,1,2,1,3
901,1,2,1,1
902,1,2,1,4
903,1,2,0,4
904,1,2,1,1
905,1,2,1,0
906,1,2,0,2
907,1,2,1,4
908,1,2,0,0
909,1,2,0,1
910,1,2,1,0
911,1,2,1,2
912,0,2,0,4
913,1,2,0,3
914,0,1,0,2
915,1,1,1,2
916,1,1,0,3
917,1,1,0,3
918,1,1,0,3
919,0,1,0,3
920,1,1,0,2
921,0,1,0,3
922,0,1,0,3
923,0,1,1,3
924,1,1,1,2
925,0,1,2,2
926,0,1,1,2
927,0,1,0,3
928,0,1,1,2
929,1,1,1,2
930,1,1,1,2
931,0,1,1,1
932,1,1,1,1
933,1,1,0,1
934,1,1,2,1
935,0,1,1,1
936,0,1,1,1
937,1,1,2,0
938,0,1,0,0
939,0,1,0,0
940,1,1,1,0
941,1,1,1,0
942,1,1,1,0
943,0,1,1,0
944,0,1,1,0
945,1,1,1,0
946,0,1,2,0
947,0,1,1,0
948,1,1,2,0
949,1,1,0,2
950,0,1,1,0
951,1,1,1,2
952,0,1,0,2
953,1,1,1,2
954,1,1,1,3
955,0,1,1,0
956,0,1,1,0
957,0,1,1,3
958,0,1,2,0
959,1,1,1,0
960,1,1,1,2
961,1,1,1,0
962,1,1,2,0
963,1,1,2,0
964,0,1,1,2
965,1,1,0,3
966,0,1,0,3
967,0,1,1,0
968,1,1,1,0
969,1,1,1,0
970,0,1,1,0
971,1,1,1,0
972,0,1,1,0
973,1,1,1,2
974,1,1,1,1
975,1,1,1,2
976,1,1,1,2
977,1,0,1,1
978,0,0,1,4
979,1,0,1,0
980,0,0,1,0
981,0,2,1,0
982,0,1,2,0
983,1,1,1,2
984,0,0,1,1
985,1,2,0,2
986,1,1,1,1
987,0,1,0,1
988,0,0,1,1
989,1,1,1,2
990,1,1,0,1
991,1,1,1,1
992,0,0,1,3
993,0,1,0,1
994,0,2,0,1
995,1,1,0,1
996,0,2,0,1
997,1,2,0,2
998,0,2,0,1
999,0,1,0,1
1000,0,2,0,3
1001,1,2,0,1
1002,1,1,0,2
1003,1,2,0,1
1004,0,1,1,0
1005,1,1,0,1
1006,1,1,1,2
1007,0,1,2,1
1008,1,1,0,3
1009,1,2,1,4
1010,0,1,1,0
1011,1,1,2,2
1012,0,1,1,0
1013,0,1,1,3
1014,0,1,1,1
1015,1,1,2,1
1016,1,1,1,1
1017,0,1,0,2
1018,0,1,0,2
1019,1,1,0,1
1020,1,1,2,2
1021,1,1,1,0
1022,1,1,0,2
1023,0,2,1,4
1024,1,1,0,1
1025,1,2,0,2
1026,0,1,2,1
1027,1,1,2,0
1028,1,1,0,1
1029,1,1,0,1
1030,1,0,1,0
1031,0,2,0,1
1032,0,1,1,2
1033,1,2,1,1
1034,0,1,1,0
1035,1,1,1,1
1036,0,1,0,0
1037,1,2,1,3
1038,0,1,1,1
1039,1,1,1,2
1040,1,1,0,3
1041,1,1,1,1
1042,1,1,1,1
1043,1,1,1,1
1044,0,0,1,0
1045,0,1,1,0
1046,0,1,1,1
1047,1,1,0,3
1048,1,2,1,1
1049,0,1,0,2
1050,1,2,0,1
1051,0,1,0,2
1052,0,1,1,1
1053,1,2,0,1
1054,1,1,1,1
1055,0,1,1,1
1056,0,1,1,1
1057,1,1,1,1
1058,0,1,1,1
1059,0,2,1,2
1060,1,1,1,0
1061,1,1,1,1
1062,0,1,1,1
1063,1,2,1,1
1064,1,1,0,3
1065,1,1,0,1
1066,1,1,2,0
1067,1,2,2,2
1068,1,0,1,0
1069,0,1,1,1
1070,1,2,1,1
1071,0,2,0,1
1072,0,1,0,2
1073,0,1,1,2
1074,0,1,1,1
1075,0,1,0,1
1076,0,1,1,0
1077,1,1,0,1
1078,1,1,1,1
1079,1,1,0,2
1080,1,1,1,1
1081,1,1,1,2
1082,1,1,1,1
1083,1,1,0,1
1084,1,2,1,4
1085,1,1,0,1
1086,1,1,1,0
1087,1,1,0,0
1088,1,1,1,1
1089,0,1,1,1
1090,0,2,0,1
1091,0,1,0,1
1092,1,1,0,1
1093,1,1,0,3
1094,1,1,2,0
1095,0,1,1,0
1096,0,2,1,1
1097,1,1,0,1
1098,0,2,0,1
1099,0,2,1,4
1100,1,2,0,4
1101,1,1,0,1
1102,1,2,1,4
1103,1,1,1,1
1104,1,1,1,0
1105,1,1,1,2
1106,1,1,1,0
1107,1,2,1,4
1108,0,1,0,1
1109,0,2,0,1
1110,0,1,1,1
1111,0,1,1,1
1112,0,2,0,1
1113,1,1,1,1
1114,1,1,1,1
1115,0,1,0,1
1116,1,1,1,1
1117,1,1,0,1
1118,1,1,0,2
1119,0,0,0,3
1120,1,1,1,0
1121,1,1,0,2
1122,1,1,1,1
1123,1,1,0,1
1124,1,1,1,1
1125,1,1,1,0
1126,1,1,0,1
1127,1,1,0,1
1128,0,1,0,1
1129,0,1,0,2
1130,1,1,0,1
1131,1,2,0,1
1132,0,1,1,2
1133,0,1,1,1
1134,0,1,1,2
1135,1,1,1,1
1136,1,1,1,2
1137,0,1,1,1
1138,1,1,2,0
1139,1,1,1,1
1140,1,1,1,0
1141,1,1,0,1
1142,1,2,0,4
1143,1,1,1,2
1144,0,1,1,1
1145,0,1,1,1
1146,1,2,0,5
1147,1,1,0,3
1148,0,1,1,0
1149,0,1,0,2
1150,0,1,0,0
1151,0,1,1,1
1152,0,1,1,0
1153,0,2,0,1
1154,0,1,1,1
1155,1,2,1,1
1156,1,1,1,1
1157,0,2,0,1
1158,0,1,1,3
1159,0,1,1,1
1160,0,1,0,0
1161,1,1,0,3
1162,0,2,1,2
1163,0,1,2,2
1164,0,1,1,2
1165,1,1,1,1
1166,0,1,2,0
1167,1,1,2,2
1168,0,2,0,1
1169,1,1,0,2
1170,1,1,0,3
1171,1,1,0,0
1172,0,1,0,1
1173,0,1,0,1
1174,0,1,1,1
1175,0,1,0,1
1176,0,2,1,1
1177,1,1,0,1
1178,0,1,1,0
1179,0,1,0,1
1180,1,1,1,1
1181,0,1,1,1
1182,1,1,0,2
1183,1,1,2,1
1184,1,1,1,1
1185,1,1,0,3
1186,0,1,0,3
1187,0,1,1,1
1188,0,1,1,3
1189,1,1,0,1
1190,1,1,2,0
1191,1,0,2,2
1192,0,1,0,2
1193,1,2,0,0
1194,1,1,0,2
1195,0,0,1,2
1196,0,1,0,1
1197,1,1,1,2
1198,0,1,1,1
1199,1,1,1,2
1200,1,1,2,1
1201,0,1,1,2
1202,0,1,1,1
1203,1,1,1,0
1204,1,1,1,1
1205,1,1,2,2
1206,0,1,1,1
1207,1,1,0,1
1208,0,1,0,1
1209,0,1,0,5
1210,1,1,1,1
1211,1,1,1,1
1212,1,1,1,1
1213,1,1,1,1
1214,1,0,1,3
1215,0,1,0,1
1216,0,1,1,1
1217,0,1,1,2
1218,1,1,1,1
1219,0,1,1,1
1220,0,1,1,1
1221,1,2,1,4
1222,1,2,2,0
1223,0,1,0,3
1224,1,1,1,1
1225,1,2,0,4
1226,0,2,0,1
1227,0,1,0,3
1228,0,1,0,2
1229,1,1,0,2
1230,0,2,0,3
1231,1,2,1,4
1232,0,1,1,1
1233,0,2,0,4
1234,0,1,0,2
1235,0,1,0,0
1236,0,1,0,3
1237,1,1,0,0
1238,1,1,1,0
1239,1,1,1,0
1240,0,2,0,1
1241,1,1,0,2
1242,0,2,0,1
1243,1,1,2,2
1244,1,1,1,1
1245,0,2,1,3
1246,0,1,1,1
1247,0,1,1,1
1248,1,1,1,1
1249,0,0,1,1
1250,0,2,0,4
1251,1,1,1,0
1252,1,1,1,0
1253,1,2,1,1
1254,0,1,1,1
1255,1,1,1,2
1256,0,1,1,1
1257,1,1,0,1
1258,0,1,0,2
1259,0,1,0,1
1260,1,1,1,2
1261,1,1,1,0
1262,1,1,1,2
1263,0,2,1,1
1264,0,1,0,1
1265,0,1,1,1
1266,0,1,1,1
1267,1,0,1,0
1268,0,1,1,4
1269,0,2,0,4
1270,0,2,0,4
1271,1,1,1,0
1272,0,2,1,0
1273,1,1,1,0
1274,1,1,1,2
1275,1,1,1,1
1276,0,1,1,1
1277,0,1,1,0
1278,0,1,2,0
1279,0,1,1,1
1280,1,1,2,0
1281,0,1,1,0
1282,1,1,1,0
1283,0,1,1,1
1284,0,1,1,1
1285,0,1,1,2
1286,0,1,1,0
1287,0,1,2,1
1288,0,1,1,1
1289,1,1,1,1
1290,1,1,1,1
1291,0,1,2,2
1292,1,1,2,2
1293,1,1,1,0
1294,1,1,2,0
1295,1,1,2,1
1296,1,1,1,1
1297,0,1,1,0
1298,1,2,1,4
1299,1,1,1,0
1300,1,1,0,2
1301,1,1,0,2
1302,1,1,1,1
1303,1,1,1,3
1304,0,1,1,1
1305,1,1,0,2
1306,0,1,0,1
1307,1,1,1,1
1308,1,1,1,1
1309,0,1,1,1
1310,1,1,2,2
1311,1,1,1,2
1312,0,1,2,0
1313,1,1,0,3
1314,0,1,2,0
1315,1,2,0,2
1316,0,1,1,0
1317,1,1,1,1
1318,0,1,2,1
1319,0,1,1,1
1320,1,0,1,3
1321,1,1,1,1
1322,0,1,0,2
1323,1,1,1,1
1324,1,1,1,2
1325,1,1,1,1
1326,1,1,2,2
1327,0,1,0,2
1328,1,1,2,2
1329,0,1,1,1
1330,0,1,0,3
1331,0,1,1,1
1332,0,1,1,1
1333,1,2,1,1
1334,0,1,0,1
1335,0,1,1,1
1336,1,1,1,2
1337,1,1,1,2
1338,0,1,1,1
1339,1,1,1,2
1340,1,1,1,1
1341,0,1,0,1
1342,0,1,0,2
1343,1,1,0,2
1344,1,1,0,2
1345,1,1,1,4
1346,1,2,1,1
1347,0,1,2,0
1348,0,2,0,4
1349,0,1,1,1
1350,0,1,1,0
1351,1,1,1,1
1352,1,1,1,0
1353,0,1,1,1
1354,1,1,1,2
1355,1,1,2,1
1356,0,1,2,1
1357,0,0,2,3
1358,1,0,1,0
1359,0,1,0,1
1360,0,1,0,1
1361,1,1,1,2
1362,0,2,0,0
1363,0,1,0,1
1364,0,1,0,1
1365,1,1,0,0
1366,0,2,0,4
1367,0,2,1,4
1368,0,1,1,1
1369,0,2,0,4
1370,1,1,0,1
1371,1,1,0,1
1372,0,1,0,1
1373,0,2,0,1
1374,0,1,1,2
1375,0,1,0,3
1376,1,1,1,1
1377,1,1,0,2
1378,1,1,1,1
1379,1,2,0,1
1380,0,2,0,1
1381,0,2,1,4
1382,0,1,0,1
1383,1,2,1,1
1384,1,1,0,2
1385,1,2,0,1
1386,1,2,0,4
1387,0,2,0,3
1388,1,2,1,2
1389,0,1,1,1
1390,1,2,0,1
1391,1,1,1,3
1392,1,2,0,1
1393,0,1,0,1
1394,0,2,0,1
1395,1,1,0,2
1396,0,1,1,1
1397,1,1,0,2
1398,0,1,1,2
1399,1,0,1,2
1400,1,2,1,1
1401,1,2,0,4
1402,1,1,0,1
1403,1,1,1,1
1404,0,2,0,3
1405,1,2,0,1
1406,0,1,0,1
1407,1,1,1,2
1408,1,1,0,3
1409,1,1,0,0
1410,1,2,1,4
1411,0,1,1,1
1412,0,1,0,2
1413,0,2,0,1
1414,0,1,0,1
1415,0,2,0,1
1416,0,1,1,1
1417,0,2,0,1
1418,0,2,1,1
1419,0,2,0,3
1420,1,1,0,4
1421,1,1,0,3
1422,1,1,0,1
1423,1,2,0,1
1424,1,2,0,1
1425,0,1,0,1
1426,0,2,0,1
1427,1,2,0,1
1428,0,1,0,0
1429,1,2,0,1
1430,0,1,1,1
1431,1,2,0,1
1432,0,1,0,1
1433,0,1,1,0
1434,0,1,0,1
1435,0,2,1,1
1436,0,1,2,1
1437,0,1,0,1
1438,1,1,2,2
1439,1,2,0,3
1440,0,1,0,3
1441,0,2,0,1
1442,0,1,1,2
1443,0,1,0,1
1444,0,1,0,1
1445,0,2,0,1
1446,1,2,1,4
1447,0,1,1,0
1448,1,1,0,2
1449,0,1,0,1
1450,0,2,0,1
1451,1,1,0,2
1452,0,1,0,3
1453,1,1,0,2
1454,0,1,1,0
1455,0,2,0,1
1456,0,1,0,1
1457,1,1,0,2
1458,0,2,0,1
1459,0,2,0,4
1460,0,1,1,0
1461,0,1,0,3
1462,0,1,0,4
1463,1,1,1,0
1464,0,2,0,1
1465,0,1,2,1
1466,1,2,0,1
1467,1,1,0,2
1468,1,1,0,1
1469,1,1,0,1
1470,1,2,0,1
1471,0,1,1,1
1472,1,1,0,2
1473,1,1,0,3
1474,1,1,1,0
1475,1,2,1,1
1476,0,1,0,1
1477,1,1,0,1
1478,0,1,0,1
1479,0,1,0,2
1480,0,2,0,1
1481,1,2,1,1
1482,0,1,0,1
1483,1,1,0,1
1484,0,1,0,3
1485,0,1,0,5
1486,0,1,0,3
1487,0,2,1,1
1488,0,1,0,0
1489,1,1,1,1
1490,0,1,1,1
1491,1,1,2,2
1492,0,1,1,2
1493,1,1,2,0
1494,0,1,1,0
1495,1,1,1,2
1496,0,1,2,3
1497,1,1,1,1
1498,1,1,2,1
1499,1,1,0,1
1500,1,2,0,1
1501,1,1,0,1
1502,1,1,1,2
1503,0,1,1,1
1504,1,1,1,2
1505,0,1,0,3
1506,1,1,1,0
1507,0,1,0,3
1508,1,1,1,0
1509,0,1,2,1
1510,1,1,0,1
1511,1,1,0,1
1512,0,1,0,3
1513,0,1,0,1
1514,0,1,1,0
1515,0,1,0,1
1516,0,1,1,1
1517,1,1,1,1
1518,0,1,0,2
1519,1,1,0,1
1520,1,1,0,5
1521,1,1,0,1
1522,0,1,0,2
1523,1,1,1,1
1524,0,1,0,4
1525,1,1,1,1
1526,1,1,0,1
1527,0,1,0,1
1528,1,1,1,1
1529,0,1,0,1
1530,0,1,0,5
1531,0,1,0,4
1532,1,1,0,3
1533,1,1,0,1
1534,0,1,1,3
1535,0,1,0,1
1536,1,1,0,1
1537,0,1,1,1
1538,0,1,0,1
1539,0,1,1,1
1540,1,1,0,1
1541,1,1,0,1
1542,1,1,1,1
1543,1,1,0,1
1544,1,1,1,2
1545,0,1,0,2
1546,1,1,0,1
1547,1,1,0,2
1548,0,1,0,1
1549,0,1,0,3
1550,1,1,1,0
1551,1,1,0,2
1552,1,1,0,3
1553,1,1,1,1
1554,0,1,0,1
1555,1,1,0,3
1556,1,1,0,0
1557,1,1,1,1
1558,0,1,0,3
1559,1,1,0,1
1560,1,1,1,1
1561,1,1,1,3
1562,1,1,0,2
1563,0,1,0,1
1564,1,1,1,0
1565,0,1,0,1
1566,0,1,0,2
1567,0,1,0,1
1568,1,2,0,2
1569,0,2,0,1
1570,0,2,0,4
1571,1,2,0,1
1572,1,2,0,4
1573,1,2,0,1
1574,1,2,1,1
1575,1,2,0,1
1576,1,2,0,1
1577,0,2,0,1
1578,1,2,0,3
1579,1,2,0,3
1580,1,2,1,4
1581,0,2,0,1
1582,1,2,0,1
1583,0,2,0,1
1584,0,2,1,1
1585,1,2,0,1
1586,1,2,1,1
1587,0,2,0,2
1588,0,2,0,2
1589,0,2,0,1
1590,1,2,0,3
1591,0,2,1,1
1592,0,2,0,1
1593,1,2,0,1
1594,1,2,1,0
1595,0,2,0,3
1596,0,2,0,4
1597,0,2,0,4
1598,0,2,0,4
1599,0,2,0,1
1600,0,2,1,1
1601,0,2,1,4
1602,0,2,0,1
1603,1,2,0,1
1604,1,2,0,4
1605,0,2,1,1
1606,0,2,0,1
1607,0,2,0,4
1608,0,2,0,3
1609,0,2,1,4
1610,0,2,0,1
1611,0,2,0,2
1612,1,2,1,1
1613,0,2,1,0
1614,0,2,0,4
1615,0,2,0,1
1616,0,2,0,4
1617,0,2,0,1
1618,0,2,0,1
1619,0,2,1,4
1620,0,2,0,4
1621,1,2,0,4
1622,1,2,0,0
1623,1,2,0,3
1624,0,2,0,3
1625,1,2,0,4
1626,1,2,0,4
1627,0,2,1,4
1628,0,2,0,3
1629,0,2,0,4
1630,1,2,1,4
1631,0,2,1,4
1632,1,2,0,4
1633,0,2,0,4
1634,0,2,1,4
1635,0,2,0,1
1636,0,2,1,4
1637,1,2,2,4
1638,1,2,0,4
1639,1,2,0,4
1640,1,0,1,1
1641,0,0,1,0
1642,1,0,1,0
1643,1,0,1,3
1644,0,0,0,1
1645,1,0,2,3
1646,0,1,2,0
1647,1,1,2,1
1648,0,1,0,2
1649,0,1,1,1
1650,1,1,1,2
1651,0,1,2,3
1652,0,1,1,2
1653,1,1,2,2
1654,1,1,2,0
1655,0,1,1,3
1656,1,1,2,2
1657,0,1,0,1
1658,0,1,1,3
1659,1,1,0,1
1660,1,1,1,1
1661,0,1,0,1
1662,0,1,1,1
1663,0,1,1,2
1664,0,1,2,0
1665,0,1,0,1
1666,1,1,1,0
1667,0,1,1,2
1668,0,1,1,0
1669,0,1,0,1
1670,1,1,1,2
1671,0,1,2,2
1672,0,1,0,0
1673,1,1,1,1
1674,1,1,1,2
1675,1,1,1,1
1676,1,1,1,0
1677,1,1,2,0
1678,0,1,1,0
1679,0,1,0,3
1680,0,1,0,1
1681,1,1,1,2
1682,0,1,0,0
1683,0,1,2,2
1684,1,1,1,1
1685,1,1,1,2
1686,1,1,2,2
1687,0,1,1,1
1688,1,1,1,2
1689,1,1,1,3
1690,1,1,1,2
1691,1,1,1,1
1692,1,1,1,0
1693,0,1,1,1
1694,1,1,0,1
1695,1,1,2,0
1696,1,1,1,2
1697,1,1,1,0
1698,0,1,1,3
1699,1,1,0,3
1700,0,1,0,0
1701,1,1,2,2
1702,1,1,2,0
1703,1,1,1,0
1704,0,1,1,2
1705,1,1,0,1
1706,0,1,2,0
1707,0,1,1,1
1708,1,1,0,0
1709,1,1,1,1
1710,1,1,1,0
1711,1,1,1,1
1712,1,1,1,1
1713,1,1,0,1
1714,1,1,2,2
1715,1,1,0,2
1716,1,1,0,3
1717,1,1,0,3
1718,0,1,2,2
1719,0,1,1,1
1720,0,1,1,1
1721,1,1,1,1
1722,1,1,1,0
1723,0,1,1,0
1724,0,1,1,1
1725,0,1,1,2
1726,1,1,0,0
1727,1,1,1,1
1728,0,1,2,0
1729,1,1,1,0
1730,1,1,0,0
1731,1,1,1,0
1732,0,1,1,1
1733,0,1,0,5
1734,0,1,1,0
1735,1,1,1,0
1736,1,1,1,1
1737,1,1,1,1
1738,0,1,1,1
1739,1,1,0,2
1740,0,1,0,1
1741,0,1,0,2
1742,1,1,1,0
1743,1,1,1,0
1744,0,1,1,1
1745,0,1,1,2
1746,1,1,1,1
1747,1,1,0,3
1748,1,1,1,2
1749,1,1,1,0
1750,1,1,1,0
1751,0,1,0,1
1752,1,1,1,1
1753,1,1,0,0
1754,0,1,1,2
1755,1,1,1,2
1756,0,1,0,1
1757,0,1,1,0
1758,1,1,1,1
1759,1,1,1,2
1760,0,1,1,0
1761,0,1,1,0
1762,1,1,0,1
1763,1,1,1,1
1764,1,1,1,2
1765,1,1,2,2
1766,1,1,2,0
1767,0,1,1,1
1768,0,1,1,1
1769,0,1,1,1
1770,1,1,0,1
1771,1,1,1,2
1772,1,1,1,1
1773,0,1,1,1
1774,1,1,1,1
1775,0,1,1,1
1776,1,1,1,1
1777,0,1,0,1
1778,0,1,1,1
1779,0,1,0,2
1780,0,1,1,2
1781,1,1,1,0
1782,1,1,1,0
1783,1,1,0,1
1784,1,1,0,2
1785,0,1,1,2
1786,1,1,1,0
1787,0,1,0,2
1788,0,1,2,0
1789,1,1,0,1
1790,0,1,0,1
1791,1,1,0,1
1792,1,1,1,1
1793,1,1,1,0
1794,1,1,0,1
1795,0,1,1,1
1796,0,1,1,2
1797,1,1,1,2
1798,1,1,1,1
1799,1,1,0,1
1800,0,1,1,2
1801,1,1,1,2
1802,1,1,0,1
1803,1,1,1,2
1804,1,1,0,0
1805,1,1,0,1
1806,1,1,1,1
1807,0,1,1,2
1808,0,1,1,1
1809,0,1,1,1
1810,1,1,0,3
1811,1,1,2,1
1812,0,1,0,0
1813,1,1,1,1
1814,0,1,0,3
1815,0,1,1,0
1816,0,1,0,3
1817,1,1,0,1
1818,0,1,1,2
1819,0,1,1,1
1820,1,1,2,0
1821,0,1,1,1
1822,1,1,1,0
1823,1,1,1,1
1824,0,1,0,1
1825,1,1,0,0
1826,0,1,0,3
1827,1,1,0,1
1828,0,1,1,1
1829,0,1,0,1
1830,1,1,0,1
1831,1,1,1,1
1832,1,1,1,1
1833,0,1,1,0
1834,0,1,0,1
1835,0,1,0,1
1836,1,1,0,0
1837,1,1,1,0
1838,0,1,1,0
1839,0,1,1,1
1840,0,1,0,1
1841,0,1,0,2
1842,1,1,0,1
1843,1,1,1,2
1844,0,1,0,1
1845,0,1,0,3
1846,0,1,0,3
1847,1,1,1,1
1848,1,1,1,0
1849,1,1,1,1
1850,1,1,1,1
1851,1,1,0,0
1852,1,1,0,1
1853,1,1,1,2
1854,0,1,0,2
1855,0,1,0,1
1856,0,1,1,1
1857,0,1,0,1
1858,0,1,0,1
1859,0,1,1,1
1860,1,1,1,0
1861,1,1,1,1
1862,1,1,0,0
1863,0,1,1,0
1864,1,1,0,3
1865,1,1,0,3
1866,1,1,0,1
1867,0,1,0,1
1868,0,1,1,0
1869,0,1,1,0
1870,0,1,1,1
1871,0,1,1,2
1872,1,1,0,1
1873,1,1,1,1
1874,0,1,1,1
1875,0,1,1,0
1876,1,1,1,2
1877,0,1,2,1
1878,1,1,0,3
1879,1,1,0,0
1880,1,1,0,2
1881,1,1,0,2
1882,1,1,1,1
1883,0,1,0,1
1884,0,1,0,1
1885,1,1,2,2
1886,0,1,2,1
1887,1,1,1,1
1888,0,1,0,0
1889,0,1,1,1
1890,1,1,2,1
1891,0,1,1,0
1892,1,1,1,0
1893,1,1,1,2
1894,0,1,0,1
1895,0,1,1,0
1896,0,1,1,0
1897,0,1,1,1
1898,0,1,0,1
1899,1,1,1,1
1900,0,1,0,2
1901,1,1,1,0
1902,0,1,0,1
1903,1,1,1,1
1904,1,1,0,1
1905,0,1,1,0
1906,0,1,0,2
1907,0,1,1,2
1908,1,1,0,1
1909,0,1,2,0
1910,0,1,1,1
1911,0,1,0,1
1912,1,1,1,0
1913,1,1,0,1
1914,1,1,0,2
1915,1,1,1,1
1916,0,1,1,2
1917,1,1,1,0
1918,1,1,1,0
1919,1,1,1,0
1920,1,1,0,1
1921,1,1,1,2
1922,1,1,1,1
1923,1,1,0,2
1924,1,1,1,1
1925,0,1,0,1
1926,1,1,0,0
1927,1,1,1,1
1928,0,1,0,2
1929,0,1,1,3
1930,0,1,1,0
1931,0,1,0,2
1932,0,1,2,0
1933,1,1,0,1
1934,0,1,1,0
1935,1,1,1,1
1936,1,1,0,1
1937,0,1,1,2
1938,0,1,1,1
1939,0,1,2,2
1940,0,1,1,4
1941,1,1,0,1
1942,1,1,0,1
1943,1,1,1,1
1944,0,1,1,2
1945,1,1,1,1
1946,0,1,1,1
1947,0,2,0,0
1948,0,2,0,1
1949,0,2,0,1
1950,1,2,0,1
1951,1,2,1,2
1952,0,2,0,4
1953,0,2,1,4
1954,0,2,1,1
1955,0,2,0,1
1956,0,2,1,1
1957,1,2,0,1
1958,1,2,1,3
1959,0,2,1,1
1960,0,2,0,1
1961,1,2,0,1
1962,1,2,0,1
1963,0,2,1,2
1964,0,2,2,2
1965,1,2,0,0
1966,0,2,1,0
1967,0,2,0,1
1968,0,2,1,1
1969,0,2,0,1
1970,1,2,0,3
1971,0,2,0,3
1972,0,2,0,1
1973,0,2,0,3
1974,0,2,0,4
1975,1,2,0,4
1976,0,2,1,3
1977,0,2,0,1
1978,1,2,0,1
1979,0,2,0,4
1980,0,2,0,3
1981,1,0,1,1
1982,1,0,1,1
1983,0,0,1,0
1984,0,0,1,1
1985,0,0,0,3
1986,1,1,0,1
1987,0,1,0,1
1988,1,1,1,1
1989,0,1,0,1
1990,0,1,1,0
1991,0,2,0,1
1992,0,2,1,1
1993,0,1,1,1
1994,0,1,1,1
1995,0,1,2,1
1996,1,1,1,2
1997,1,1,1,1
1998,1,1,1,0
1999,0,2,1,3
2000,1,1,0,3
2001,1,1,2,3
2002,1,1,2,2
2003,0,1,0,5
2004,1,2,1,1
2005,1,2,2,4
2006,0,1,1,0
2007,0,2,0,1
2008,0,1,1,1
2009,0,1,0,1
2010,1,1,1,1
2011,1,1,1,0
2012,1,1,2,2
2013,0,2,0,1
2014,1,1,0,1
2015,0,2,0,1
2016,1,1,1,1
2017,0,1,1,1
2018,1,1,1,2
2019,1,2,0,1
2020,0,1,0,2
2021,0,1,1,1
2022,1,1,1,1
2023,1,1,0,2
2024,1,1,0,1
2025,1,1,0,0
2026,0,1,1,0
2027,0,1,0,2
2028,1,2,0,1
2029,1,1,0,1
2030,1,2,0,1
2031,1,1,0,2
2032,1,2,1,1
2033,0,1,1,0
2034,1,2,1,0
2035,0,1,1,1
2036,1,1,0,0
2037,1,0,2,3
2038,1,1,0,3
2039,1,1,1,1
2040,1,1,1,1
2041,0,1,0,1
2042,1,1,1,0
2043,0,1,1,1
2044,0,2,1,1
2045,0,1,1,2
2046,0,2,0,4
2047,0,1,1,1
2048,0,1,0,1
2049,0,1,0,1
2050,1,1,0,1
2051,0,1,0,2
2052,1,1,1,1
2053,1,1,1,1
2054,1,1,1,0
2055,0,2,0,1
2056,1,2,0,1
2057,1,1,1,4
2058,1,2,0,3
2059,1,1,1,2
2060,0,1,1,1
2061,0,1,1,0
2062,0,1,1,0
2063,1,1,0,1
2064,1,2,0,3
2065,1,2,0,2
2066,0,2,1,1
2067,0,2,1,1
2068,0,1,1,1
2069,1,1,1,1
2070,1,1,0,3
2071,0,0,1,3
2072,0,0,1,1
2073,1,2,1,1
2074,1,1,1,3
2075,1,2,0,1
2076,1,1,1,1
2077,0,0,0,3
2078,1,1,0,1
2079,1,1,1,1
2080,0,2,0,2
2081,1,1,1,1
2082,1,1,1,1
2083,1,1,0,1
2084,1,1,0,0
2085,1,2,1,1
2086,0,2,0,2
2087,1,1,1,1
2088,0,1,2,0
2089,0,2,1,4
2090,0,1,1,0
2091,0,1,1,0
2092,0,1,1,1
2093,0,1,1,1
2094,0,1,1,0
2095,1,1,0,1
2096,0,1,0,1
2097,1,1,1,2
2098,0,1,0,1
2099,1,1,0,1
2100,1,2,0,3
2101,0,1,0,1
2102,0,2,0,1
2103,1,1,1,1
2104,1,1,2,0
2105,0,1,1,1
2106,1,1,1,1
2107,1,1,0,3
2108,0,1,1,1
2109,0,2,1,1
2110,0,1,1,1
2111,0,2,1,2
2112,0,1,1,0
2113,0,1,1,2
2114,0,1,1,1
2115,1,1,0,1
2116,0,1,0,0
2117,0,1,1,0
2118,0,1,1,0
2119,0,1,0,0
2120,1,2,1,2
2121,1,0,1,0
2122,1,1,0,1
2123,0,1,1,1
2124,1,1,1,1
2125,1,1,0,1
2126,0,1,0,3
2127,0,2,1,2
2128,1,1,1,1
2129,1,1,1,0
2130,0,2,0,1
2131,1,1,1,0
2132,0,1,0,1
2133,0,1,0,1
2134,0,1,1,2
2135,1,1,1,1
2136,0,1,1,2
2137,0,2,0,1
2138,0,1,1,0
2139,0,1,1,0
2140,0,1,1,1
2141,0,1,1,1
2142,0,2,1,1
2143,0,1,1,2
2144,0,1,0,1
2145,0,1,0,1
2146,0,2,1,4
2147,0,1,0,3
2148,1,1,2,0
2149,1,0,0,1
2150,0,1,1,0
2151,1,2,0,3
2152,1,1,1,1
2153,0,2,0,0
2154,0,1,1,2
2155,1,0,1,3
2156,1,1,1,2
2157,1,0,1,3
2158,1,1,1,0
2159,1,1,1,1
2160,1,2,1,2
2161,1,2,1,4
2162,0,2,0,4
2163,0,1,1,0
2164,0,1,1,0
2165,1,1,0,1
2166,0,1,1,1
2167,0,2,0,1
2168,0,1,1,0
2169,0,2,1,4
2170,0,1,0,0
2171,1,1,1,4
2172,1,1,1,2
2173,1,1,1,1
2174,0,2,1,4
2175,0,1,0,1
2176,0,2,1,0
2177,0,1,0,1
2178,0,1,1,1
2179,1,1,1,0
2180,0,1,0,2
2181,0,1,2,1
2182,0,1,0,2
2183,1,1,1,1
2184,1,1,1,0
2185,1,1,1,1
2186,0,1,1,1
2187,1,1,0,1
2188,1,1,1,2
2189,0,1,0,2
2190,0,2,1,1
2191,1,1,2,0
2192,1,1,1,1
2193,1,1,0,3
2194,0,1,1,1
2195,1,1,0,1
2196,1,1,1,0
2197,1,1,2,2
2198,0,1,1,1
2199,0,2,0,1
2200,1,1,0,3
2201,0,1,1,0
2202,0,1,1,1
2203,0,1,1,1
2204,0,2,2,3
2205,1,1,0,1
2206,0,1,0,0
2207,0,1,0,2
2208,0,2,1,1
2209,1,1,1,1
2210,1,1,0,3
2211,0,0,1,1
2212,1,1,0,1
2213,1,1,1,1
2214,0,1,2,0
2215,1,1,0,2
2216,0,2,0,1
2217,0,1,0,1
2218,0,1,0,1
2219,0,1,0,1
2220,1,1,0,1
2221,0,1,1,0
2222,1,1,1,0
2223,1,1,0,0
2224,1,1,1,1
2225,1,2,0,1
2226,1,1,2,1
2227,1,1,1,1
2228,0,1,0,0
2229,0,1,1,4
2230,1,1,0,1
2231,1,1,0,0
2232,1,1,0,1
2233,1,1,1,1
2234,1,1,0,2
2235,1,1,0,0
2236,0,1,0,2
2237,1,1,1,1
2238,0,1,0,3
2239,1,0,2,1
2240,1,1,0,0
2241,1,2,1,4
2242,1,1,1,2
2243,0,2,0,0
2244,0,1,1,1
2245,1,1,0,0
2246,0,1,0,1
2247,1,1,2,0
2248,0,1,1,2
2249,0,1,2,1
2250,0,1,1,1
2251,0,1,0,1
2252,0,1,1,1
2253,1,1,1,3
2254,0,1,1,1
2255,1,1,0,1
2256,0,1,1,1
2257,0,1,1,0
2258,0,1,1,2
2259,0,2,0,1
2260,0,1,0,2
2261,0,1,1,1
2262,0,0,1,2
2263,1,2,1,1
2264,0,2,0,1
2265,0,1,1,2
2266,0,1,1,1
2267,1,1,0,1
2268,1,1,1,1
2269,1,1,0,1
2270,1,1,2,0
2271,1,1,1,1
2272,1,1,1,1
2273,1,1,1,0
2274,1,1,1,2
2275,0,1,1,1
2276,0,1,1,1
2277,0,1,1,2
2278,0,1,1,0
2279,0,2,1,1
2280,0,1,0,3
2281,1,1,1,1
2282,0,2,0,1
2283,0,1,1,1
2284,1,1,1,2
2285,0,1,1,1
2286,1,1,0,1
2287,1,1,0,3
2288,1,1,0,1
2289,1,1,1,2
2290,1,1,1,2
2291,0,2,0,0
2292,1,1,1,1
2293,0,2,0,1
2294,0,2,0,4
2295,0,2,0,1
2296,0,0,2,1
2297,1,1,1,1
2298,1,1,1,0
2299,1,1,1,1
2300,0,1,1,0
2301,1,1,0,1
2302,1,1,1,1
2303,1,1,1,1
2304,1,1,1,2
2305,1,1,1,0
2306,1,1,1,1
2307,1,1,1,0
2308,0,1,1,1
2309,1,1,1,1
2310,1,2,0,1
2311,0,1,2,2
2312,1,1,1,2
2313,0,2,0,1
2314,1,2,0,1
2315,0,1,1,0
2316,0,1,1,3
2317,1,1,0,2
2318,1,1,1,1
2319,1,1,1,0
2320,1,2,0,4
2321,0,1,0,2
2322,1,1,1,0
2323,0,1,0,1
2324,1,1,1,1
2325,0,2,0,0
2326,1,1,0,1
2327,1,1,1,1
2328,1,2,1,1
2329,1,1,0,1
2330,1,1,1,0
2331,0,1,1,2
2332,1,1,1,2
2333,0,1,1,0
2334,0,1,0,1
2335,0,1,1,1
2336,0,1,1,3
2337,1,2,1,3
2338,1,2,0,3
2339,1,1,0,0
2340,0,1,1,0
2341,1,1,1,1
2342,1,1,0,1
2343,0,2,0,1
2344,1,1,2,0
2345,0,1,1,1
2346,1,1,1,2
2347,1,1,1,2
2348,1,1,0,1
2349,1,1,0,1
2350,0,1,1,0
2351,1,1,1,1
2352,0,1,2,2
2353,1,1,0,1
2354,1,1,1,5
2355,1,1,0,1
2356,1,1,1,1
2357,0,1,1,0
2358,1,1,1,2
2359,1,1,2,2
2360,0,2,0,4
2361,0,1,0,1
2362,1,2,0,1
2363,1,1,2,1
2364,0,1,0,3
2365,0,1,0,2
2366,0,1,1,1
2367,1,1,0,2
2368,1,1,1,2
2369,1,1,1,2
2370,1,1,0,3
2371,1,1,1,0
2372,1,1,2,0
2373,1,1,0,0
2374,0,1,2,3
2375,1,1,1,1
2376,0,1,1,3
2377,0,1,0,3
2378,1,1,0,1
2379,1,1,0,1
2380,0,1,1,1
2381,0,1,1,3
2382,1,1,1,1
2383,1,2,0,2
2384,1,2,0,1
2385,1,1,1,0
2386,1,1,1,3
2387,1,1,0,1
2388,0,1,0,1
2389,1,1,0,0
2390,1,1,1,2
2391,1,1,1,0
2392,0,1,0,1
2393,0,1,1,2
2394,0,1,1,3
2395,0,2,0,1
2396,0,2,1,1
2397,0,1,1,3
2398,0,2,1,1
2399,0,1,1,0
2400,1,0,1,3
2401,1,1,1,1
2402,0,1,1,0
2403,0,1,1,2
2404,1,1,1,2
2405,0,2,1,1
2406,0,1,1,1
2407,0,2,0,3
2408,1,2,1,1
2409,1,1,1,1
2410,1,1,0,0
2411,0,1,1,0
2412,1,1,1,1
2413,1,1,1,1
2414,1,1,1,1
2415,1,1,1,2
2416,0,1,0,1
2417,0,1,1,2
2418,1,2,1,1
2419,0,2,1,0
2420,0,1,1,1
2421,0,1,1,4
2422,0,1,1,0
2423,1,1,0,1
2424,1,1,1,1
2425,1,1,1,1
2426,1,1,1,0
2427,1,1,1,1
2428,1,1,0,1
2429,1,2,1,1
2430,1,1,1,1
2431,1,1,0,0
2432,1,2,0,4
2433,1,1,1,1
2434,1,1,1,2
2435,0,2,1,3
2436,1,2,0,0
2437,0,0,2,3
2438,0,2,0,1
2439,0,1,0,5
2440,1,1,1,1
2441,1,1,1,2
2442,0,1,1,0
2443,0,1,1,0
2444,0,2,0,1
2445,1,1,2,0
2446,0,1,1,1
2447,1,1,1,2
2448,1,1,1,1
2449,0,1,1,0
2450,0,1,1,2
2451,0,1,0,4
2452,0,1,1,1
2453,0,2,1,1
2454,1,2,0,1
2455,0,1,0,1
2456,0,2,0,1
2457,0,1,0,1
2458,0,2,0,2
2459,0,1,0,1
2460,1,1,0,0
2461,0,2,0,3
2462,1,1,2,2
2463,0,2,0,1
2464,0,2,0,1
2465,0,2,0,5
2466,0,2,0,1
2467,0,1,1,2
2468,1,2,0,3
2469,0,1,0,3
2470,0,2,0,1
2471,0,1,0,1
2472,0,1,0,1
2473,0,2,0,3
2474,0,1,1,1
2475,1,2,1,1
2476,1,1,0,1
2477,0,2,0,1
2478,0,1,1,0
2479,0,1,1,0
2480,1,1,1,2
2481,1,1,0,1
2482,0,0,1,1
2483,1,2,1,0
2484,1,1,1,1
2485,0,1,1,0
2486,1,1,1,1
2487,0,2,1,1
2488,1,1,1,2
2489,0,1,1,6
2490,1,0,1,7
2491,0,1,1,6
2492,0,1,1,2
2493,0,0,1,7
2494,0,1,1,6
2495,0,2,1,8
2496,0,1,1,8
2497,1,2,1,8
2498,0,1,1,7
2499,1,1,1,6
2500,0,1,1,6
2501,1,1,1,6
2502,0,1,1,6
2503,0,2,1,8
2504,0,1,1,7
2505,0,1,1,6
2506,1,1,1,6
2507,0,1,1,7
2508,0,1,1,6
2509,0,1,1,7
2510,0,2,1,8
2511,1,1,1,6
2512,0,1,1,6
2513,1,1,1,6
2514,0,1,1,7
2515,0,1,1,6
2516,0,1,1,6
2517,1,1,1,7
2518,1,1,1,2
2519,1,0,1,6
2520,1,0,1,9
2521,0,1,1,6
2522,0,1,1,6
2523,1,1,1,6
2524,0,0,1,2
2525,0,1,1,6
2526,0,1,1,6
2527,1,1,1,6
2528,0,1,1,6
2529,1,1,1,7
2530,1,1,1,6
2531,0,1,1,2
2532,1,1,1,8
2533,1,1,1,6
2534,1,0,1,7
2535,1,1,1,6
2536,1,1,1,2
2537,1,1,1,7
2538,1,1,1,6
2539,1,1,1,6
2540,1,1,1,6
2541,0,1,1,6
2542,1,1,1,2
2543,0,1,1,6
2544,0,1,1,6
2545,1,0,1,2
2546,0,1,1,2
2547,1,1,1,6
2548,0,0,1,7
2549,0,1,1,2
2550,1,1,1,6
2551,1,0,1,2
2552,1,1,1,6
2553,1,1,1,6
2554,1,1,1,6
2555,0,1,1,2
2556,1,1,1,7
2557,0,1,1,6
2558,0,1,1,2
2559,0,1,1,6
2560,1,1,1,2
2561,1,1,1,7
2562,0,1,1,8
2563,1,1,1,6
2564,1,1,1,6
2565,0,1,1,2
2566,0,1,1,7
2567,0,1,1,2
2568,1,1,1,2
2569,1,0,1,7
2570,1,1,1,6
2571,1,0,1,9
2572,0,0,1,9
2573,0,0,1,6
2574,0,1,1,2
2575,0,2,1,6
2576,0,2,1,6
2577,0,1,1,7
2578,0,2,1,6
2579,1,1,1,7
2580,1,0,2,2
2581,1,1,2,2
2582,0,0,2,9
2583,0,1,2,6
2584,0,1,2,6
2585,0,1,2,2
2586,0,0,2,7
2587,0,0,2,6
2588,1,0,2,2
2589,1,1,2,2
2590,1,0,2,9
2591,1,1,2,2
2592,1,0,2,7
2593,1,1,2,6
2594,1,0,2,7
2595,0,1,2,7
2596,1,1,2,7
2597,0,1,2,6
2598,1,0,2,2
2599,0,2,2,6
2600,0,1,2,2
2601,0,1,2,2
2602,0,0,2,9
2603,1,1,2,7
2604,1,1,2,2
2605,0,1,2,7
2606,1,1,2,7
2607,0,1,2,7
2608,1,1,2,2
2609,1,1,2,7
2610,1,0,2,6
2611,1,1,2,2
2612,1,2,1,8
2613,1,1,1,2
2614,0,1,1,6
2615,0,1,1,7
2616,0,1,1,7
2617,1,0,1,7
2618,0,1,1,6
2619,0,2,1,8
2620,0,1,1,9
2621,0,1,1,6
2622,0,1,1,6
2623,0,1,1,6
2624,1,0,1,9
2625,0,1,1,6
2626,1,1,1,6
2627,1,1,1,9
2628,0,1,1,7
2629,1,1,1,2
2630,1,1,1,2
2631,0,1,1,6
2632,0,1,1,6
2633,1,1,1,6
2634,0,1,1,9
2635,1,1,1,7
2636,1,1,1,6
2637,1,0,1,6
2638,0,2,1,8
2639,1,1,1,6
2640,1,0,1,2
2641,0,0,1,6
2642,1,1,1,6
2643,0,1,1,2
2644,1,1,1,2
2645,0,1,1,6
2646,0,0,1,7
2647,0,0,1,6
2648,1,1,1,6
2649,0,2,1,8
2650,1,1,1,9
2651,0,1,1,7
2652,1,1,1,6
2653,0,1,1,6
2654,1,1,1,6
2655,1,0,1,6
2656,0,1,1,7
2657,0,1,1,6
2658,0,1,1,7
2659,1,1,1,7
2660,0,1,1,7
2661,1,1,1,6
2662,1,1,1,6
2663,0,0,1,2
2664,1,1,1,7
2665,1,1,1,2
2666,1,0,1,6
2667,0,1,1,2
2668,1,0,1,9
2669,1,0,1,7
2670,0,1,1,7
2671,0,1,1,6
2672,0,2,1,8
2673,1,0,1,9
2674,1,1,1,7
2675,1,0,1,6
2676,1,1,1,6
2677,1,1,1,6
2678,1,1,1,6
2679,0,2,1,6
2680,1,1,1,2
2681,0,1,1,6
2682,0,1,1,6
2683,1,1,1,7
2684,1,1,1,7
2685,1,1,1,6
2686,0,1,1,7
2687,1,1,1,7
2688,1,0,1,2
2689,1,1,1,2
2690,0,1,1,6
2691,0,1,1,2
2692,1,0,1,9
2693,1,1,1,2
2694,0,1,1,6
2695,0,1,1,7
2696,1,1,1,6
2697,1,1,1,6
2698,1,1,1,2
2699,1,1,1,9
2700,1,1,1,2
2701,1,0,1,2
2702,0,0,1,2
2703,0,1,1,6
2704,0,1,1,6
2705,1,1,1,2
2706,0,1,1,2
2707,1,1,1,6
2708,0,1,1,2
2709,0,2,1,2
2710,0,1,1,6
2711,0,1,1,6
2712,0,1,1,2
2713,1,1,1,7
2714,0,0,1,7
2715,0,1,1,6
2716,1,1,1,6
2717,1,2,1,7
2718,1,1,1,6
2719,1,0,1,6
2720,0,1,1,2
2721,0,1,1,9
2722,0,1,1,2
2723,1,1,1,6
2724,1,1,1,6
2725,0,1,1,7
2726,0,1,1,7
2727,0,1,1,6
2728,0,0,1,7
2729,1,1,1,7
2730,1,1,1,6
2731,0,1,1,6
2732,0,0,2,9
2733,0,0,2,9
2734,0,0,2,7
2735,1,0,2,2
2736,0,2,2,8
2737,0,2,2,8
2738,1,1,2,7
2739,1,2,0,2
2740,0,1,0,6
2741,0,2,0,6
2742,1,1,0,2
2743,1,1,0,6
2744,0,1,0,6
2745,0,2,0,6
2746,0,1,0,6
2747,1,1,0,2
2748,1,1,0,9
2749,0,0,0,7
2750,1,1,0,2
2751,0,2,0,6
2752,1,1,0,6
2753,1,1,0,2
2754,0,1,0,2
2755,1,1,0,2
2756,0,2,0,6
2757,1,2,0,6
2758,0,1,0,6
2759,0,1,0,2
2760,1,1,0,6
2761,1,1,0,6
2762,1,1,0,6
2763,1,1,0,6
2764,0,1,0,6
2765,1,1,0,7
2766,0,2,0,6
2767,1,0,0,9
2768,1,1,0,6
2769,0,2,0,8
2770,1,1,0,6
2771,0,1,0,2
2772,0,2,0,9
2773,1,1,0,6
2774,0,2,0,8
2775,1,1,0,9
2776,0,1,0,9
2777,1,1,0,6
2778,0,1,0,6
2779,1,1,0,6
2780,0,1,0,2
2781,1,1,0,2
2782,0,1,0,6
2783,1,1,0,7
2784,0,1,0,7
2785,1,1,0,6
2786,0,1,0,9
2787,1,1,0,6
2788,0,1,0,2
2789,1,2,0,6
2790,1,2,0,6
2791,0,1,0,6
2792,0,1,0,2
2793,0,1,0,2
2794,1,2,0,2
2795,1,1,0,6
2796,1,2,0,2
2797,1,2,0,8
2798,0,2,0,8
2799,1,2,0,6
2800,0,2,0,2
2801,1,1,0,2
2802,0,1,0,2
2803,1,1,0,2
2804,1,1,0,8
2805,0,1,0,6
2806,0,0,0,2
2807,0,1,0,9
2808,1,0,0,6
2809,0,1,0,6
2810,1,1,0,2
2811,1,1,0,6
2812,0,2,0,6
2813,1,1,0,6
2814,1,1,0,2
2815,1,1,0,6
2816,1,2,0,8
2817,1,1,0,2
2818,0,1,0,6
2819,1,1,0,6
2820,0,1,0,6
2821,1,2,0,6
2822,0,0,0,6
2823,1,2,0,8
2824,1,2,0,6
2825,0,1,0,6
2826,0,1,0,6
2827,0,2,0,9
2828,1,1,0,7
2829,0,0,0,9
2830,1,1,0,6
2831,0,1,0,2
2832,0,1,0,6
2833,0,1,0,6
2834,0,1,0,9
2835,1,1,0,9
2836,0,1,0,7
2837,0,2,0,9
2838,0,2,0,8
2839,1,2,0,6
2840,0,1,0,6
2841,1,1,0,2
2842,0,1,0,6
2843,1,1,0,7
2844,1,1,0,6
2845,0,0,0,6
2846,0,2,0,9
2847,0,2,0,8
2848,0,0,0,5
2849,1,1,0,7
2850,0,2,0,6
2851,0,0,0,6
2852,1,2,0,8
2853,0,2,0,8
2854,1,0,0,2
2855,0,1,0,6
2856,0,1,0,6
2857,0,2,0,6
2858,0,2,0,9
2859,0,0,0,6
2860,0,1,0,6
2861,0,1,0,6
2862,0,1,0,6
2863,0,1,0,6
2864,1,2,0,6
2865,1,2,0,6
2866,1,2,0,6
2867,1,0,0,6
2868,1,0,0,2
2869,0,2,0,6
2870,1,2,0,6
2871,0,1,0,6
2872,1,1,0,2
2873,0,1,0,9
2874,1,1,0,7
2875,0,2,0,8
2876,1,1,0,2
2877,1,1,0,7
2878,1,1,0,6
2879,1,1,0,2
2880,1,1,0,6
2881,1,1,0,6
2882,0,2,0,8
2883,1,2,0,8
2884,1,1,0,2
2885,0,2,0,8
2886,1,1,0,6
2887,1,1,0,7
2888,0,2,0,8
2889,1,2,0,6
2890,0,1,0,9
2891,1,1,0,9
2892,0,1,0,9
2893,0,1,0,2
2894,1,1,0,7
2895,1,1,0,9
2896,0,2,0,6
2897,0,0,0,9
2898,0,1,0,9
2899,0,1,0,9
2900,1,1,0,6
2901,1,2,0,8
2902,0,1,0,7
2903,1,1,0,9
2904,0,1,0,7
2905,0,0,0,6
2906,0,1,0,7
2907,0,1,0,9
2908,0,1,0,9
2909,1,0,0,6
2910,1,1,0,9
2911,1,1,0,2
2912,0,2,0,8
2913,0,1,0,8
2914,0,2,0,6
2915,1,1,0,6
2916,0,2,0,7
2917,0,2,0,6
2918,0,2,0,8
2919,0,2,0,8
2920,1,2,0,8
2921,1,1,0,7
2922,0,1,0,6
2923,1,1,0,6
2924,0,1,0,2
2925,0,2,0,8
2926,1,1,0,6
2927,1,2,0,6
2928,1,1,0,6
2929,0,1,0,6
2930,1,2,0,9
2931,0,1,0,6
2932,0,1,0,6
2933,0,1,0,6
2934,1,1,0,6
2935,0,1,0,6
2936,1,2,0,6
2937,1,2,0,8
2938,0,1,0,9
2939,1,2,0,2
2940,1,2,0,2
2941,0,1,0,9
2942,1,1,0,2
2943,0,1,0,2
2944,0,0,0,9
2945,0,1,0,7
2946,0,2,0,8
2947,0,1,0,8
2948,1,1,0,6
2949,0,1,0,6
2950,1,1,0,6
2951,1,2,0,9
2952,1,1,0,2
2953,0,2,0,5
2954,0,1,0,6
2955,1,2,0,9
2956,0,1,0,6
2957,0,2,0,6
2958,1,1,0,9
2959,0,1,0,6
2960,1,1,0,6
2961,1,1,0,6
2962,0,1,0,9
2963,0,1,0,1
2964,1,1,0,1
2965,1,0,1,1
2966,0,2,1,1
2967,0,1,1,1
2968,1,1,0,1
2969,0,1,0,1
2970,1,1,0,1
2971,1,1,0,1
2972,0,1,0,1
2973,1,1,0,1
2974,1,1,0,1
2975,0,1,1,1
2976,1,1,1,1
2977,1,1,0,1
2978,0,0,0,1
2979,0,1,0,1
2980,1,1,1,1
2981,1,0,0,1
2982,0,1,1,1
2983,1,0,0,1
2984,1,1,1,1
2985,0,1,0,1
2986,1,0,0,1
2987,1,1,0,1
2988,0,1,1,1
2989,1,1,0,1
2990,0,2,0,1
2991,0,1,1,1
2992,0,1,0,1
2993,1,0,1,1
2994,0,1,0,1
2995,1,1,1,1
2996,1,1,0,1
2997,0,1,0,1
2998,1,1,0,1
2999,1,1,1,1
3000,0,1,0,1
3001,0,0,2,1
3002,0,1,0,1
3003,1,1,1,1
3004,0,1,1,1
3005,1,1,1,1
3006,0,1,1,1
3007,1,2,1,1
3008,0,1,1,1
3009,1,1,1,1
3010,0,1,1,1
3011,1,1,1,1
3012,1,2,0,1
3013,0,1,0,1
3014,1,1,1,1
3015,0,1,0,1
3016,0,1,2,1
3017,1,2,0,1
3018,0,1,0,1
3019,0,1,1,1
3020,1,1,1,1
3021,0,1,0,1
3022,0,2,0,1
3023,1,2,0,1
3024,1,2,0,1
3025,0,2,0,1
3026,0,1,0,1
3027,0,1,1,1
3028,1,1,0,1
3029,0,1,0,1
3030,0,1,1,1
3031,0,1,1,1
3032,1,1,1,1
3033,0,0,0,1
3034,0,1,0,1
3035,1,2,0,1
3036,0,2,0,1
3037,1,1,1,1
3038,0,0,0,1
3039,1,1,1,1
3040,0,1,0,1
3041,1,1,1,1
3042,1,1,1,1
3043,0,1,1,1
3044,0,2,1,1
3045,0,0,1,1
3046,0,1,1,1
3047,1,1,1,1
3048,1,1,1,1
3049,0,1,1,1
3050,1,1,1,1
3051,1,1,1,1
3052,1,0,1,1
3053,0,1,1,1
3054,1,1,2,1
3055,1,1,1,1
3056,1,1,1,1
3057,1,1,2,1
3058,0,1,1,1
3059,0,1,1,1
3060,1,1,0,1
3061,0,1,0,1
3062,1,1,1,1
3063,1,1,0,1
3064,1,1,1,1
3065,1,1,0,1
3066,0,1,1,1
3067,0,1,0,1
3068,0,1,0,1
3069,1,1,1,1
3070,0,1,1,1
3071,0,1,1,1
3072,0,1,0,1
3073,1,1,0,1
3074,0,1,1,1
3075,1,1,1,1
3076,1,1,2,1
3077,1,1,1,1
3078,0,1,1,1
3079,0,1,1,1
3080,0,1,1,1
3081,0,1,0,1
3082,0,1,0,1
3083,1,1,0,1
3084,0,1,0,1
3085,1,1,1,1
3086,0,1,0,1
3087,0,2,1,1
3088,0,1,1,1
3089,0,1,1,1
3090,0,1,0,1
3091,1,1,1,1
3092,0,1,0,1
3093,0,1,1,1
3094,1,1,0,1
3095,1,1,1,1
3096,0,1,0,1
3097,0,1,1,1
3098,1,1,1,1
3099,1,0,1,1
3100,0,1,2,1
3101,0,1,1,1
3102,0,1,2,1
3103,0,1,1,1
3104,0,1,1,1
3105,1,1,1,1
3106,0,1,2,1
3107,1,1,1,1
3108,0,0,1,1
3109,0,2,1,1
3110,0,1,1,1
3111,0,0,1,1
3112,0,2,0,1
3113,1,1,1,1
3114,1,1,1,1
3115,0,1,1,1
3116,0,0,2,1
3117,0,2,0,1
3118,1,1,0,1
3119,1,1,2,1
3120,1,1,1,1
3121,0,1,2,1
3122,1,1,1,1
3123,0,1,1,1
3124,1,1,1,1
3125,1,1,1,1
3126,0,1,1,1
3127,0,1,1,1
3128,0,1,1,1
3129,1,1,1,1
3130,0,2,1,1
3131,0,1,0,1
3132,0,1,0,1
3133,1,1,1,1
3134,1,1,1,1
3135,1,1,1,1
3136,1,1,1,1
3137,0,1,1,1
3138,1,2,0,1
3139,0,0,1,1
3140,0,1,0,1
3141,0,1,0,1
3142,0,1,1,1
3143,1,1,1,1
3144,0,2,1,1
3145,0,1,1,1
3146,0,1,1,1
3147,0,1,0,1
3148,1,1,1,1
3149,1,1,1,1
3150,1,1,1,1
3151,1,1,1,1
3152,0,1,1,1
3153,1,2,1,1
3154,0,1,0,1
3155,0,1,1,1
3156,1,1,1,1
3157,1,2,0,1
3158,0,1,0,1
3159,1,1,1,1
3160,0,0,2,1
3161,1,1,1,1
3162,1,1,0,1
3163,0,1,0,1
3164,1,2,0,1
3165,0,2,1,1
3166,0,1,0,1
3167,1,0,1,1
3168,1,1,1,1
3169,0,1,2,1
3170,1,1,2,1
3171,1,0,2,1
3172,1,0,2,1
3173,1,1,0,1
3174,1,0,2,1
3175,0,1,1,1
3176,1,1,1,1
3177,1,1,1,1
3178,1,1,1,1
3179,0,1,1,1
3180,0,1,1,1
3181,0,1,0,1
3182,0,1,1,1
3183,0,1,1,1
3184,1,1,1,1
3185,1,1,1,1
3186,0,1,1,1
3187,1,1,0,1
3188,1,1,1,1
3189,1,1,1,1
3190,0,1,1,1
3191,1,1,0,1
3192,1,1,0,1
3193,0,1,1,1
3194,1,0,1,1
3195,1,1,1,1
3196,1,1,1,1
3197,0,1,0,1
3198,0,1,0,1
3199,1,1,2,1
3200,1,0,2,1
3201,1,0,2,1
3202,1,1,1,1
3203,0,1,1,1
3204,1,2,1,1
3205,1,1,1,1
3206,0,1,1,1
3207,0,1,1,1
3208,1,1,1,1
3209,0,1,1,1
3210,1,1,1,1
3211,0,1,1,1
3212,0,1,0,1
3213,0,1,0,1
3214,1,1,0,1
3215,0,1,1,1
3216,0,1,0,1
3217,1,1,1,1
3218,0,2,0,1
3219,0,1,1,1
3220,1,1,0,1
3221,1,0,2,1
3222,0,2,1,1
3223,1,1,1,1
3224,1,1,1,1
3225,1,1,1,1
3226,0,1,1,1
3227,1,0,1,1
3228,0,2,0,1
3229,0,2,0,1
3230,1,1,1,1
3231,0,1,0,1
3232,1,2,0,1
3233,1,1,0,1
3234,0,1,1,1
3235,1,1,0,1
3236,1,1,0,1
3237,1,1,1,1
3238,1,1,0,1
3239,0,1,0,1
3240,0,1,0,1
3241,0,0,1,1
3242,1,1,0,1
3243,0,1,0,1
3244,1,1,1,1
3245,0,1,1,1
3246,1,1,0,1
3247,0,1,1,1
3248,0,1,0,1
3249,0,1,0,1
3250,1,1,1,1
3251,1,1,1,1
3252,1,1,0,1
3253,1,1,1,1
3254,1,1,1,1
3255,1,1,1,1
3256,0,1,1,1
3257,1,1,0,1
3258,1,1,1,1
3259,0,0,2,1
3260,0,1,1,1
3261,1,1,1,1
3262,0,1,0,1
3263,1,1,0,1
3264,0,1,1,1
3265,1,1,0,1
3266,0,1,1,1
3267,0,1,1,1
3268,0,1,0,1
3269,0,2,0,1
3270,1,1,1,1
3271,1,1,1,1
3272,1,1,1,1
3273,0,1,1,1
3274,0,1,0,1
3275,1,1,1,1
3276,1,0,2,1
3277,0,1,0,1
3278,0,1,0,1
3279,0,1,0,1
3280,1,1,0,1
3281,0,1,0,1
3282,1,1,0,1
3283,1,1,0,1
3284,0,1,1,1
3285,1,1,0,1
3286,0,1,0,1
3287,0,1,0,1
3288,1,1,1,1
3289,0,1,0,1
3290,1,0,0,1
3291,0,0,0,1
3292,1,1,0,1
3293,1,1,0,1
3294,0,1,0,1
3295,0,2,0,1
3296,1,1,1,1
3297,0,1,1,1
3298,1,1,2,1
3299,0,1,1,1
3300,1,1,2,1
3301,0,1,1,1
3302,1,1,1,1
3303,0,1,1,1
3304,0,1,2,1
3305,0,1,1,1
3306,1,1,1,1
3307,0,1,1,1
3308,1,2,1,1
3309,1,1,1,1
3310,0,1,1,1
3311,1,1,0,1
3312,0,0,0,1
3313,0,0,1,1
3314,0,2,0,1
3315,1,1,1,1
3316,0,0,1,1
3317,0,1,0,1
3318,1,1,0,1
3319,1,0,1,1
3320,1,1,1,1
3321,0,1,1,1
3322,1,1,1,1
3323,1,2,0,1
3324,1,1,0,1
3325,1,1,0,1
3326,1,1,0,1
3327,1,1,0,1
3328,1,1,1,1
3329,1,1,1,1
3330,0,1,1,1
3331,0,1,1,1
3332,0,0,1,1
3333,0,0,1,1
3334,0,1,0,1
3335,0,1,0,1
3336,0,1,0,1
3337,1,1,0,1
3338,1,1,0,1
3339,1,1,0,1
3340,1,1,1,1
3341,0,1,1,1
3342,0,0,1,1
3343,1,0,2,1
3344,1,1,1,1
3345,1,1,0,1
3346,1,1,1,1
3347,0,1,0,1
3348,0,1,1,1
3349,0,1,0,1
3350,0,1,1,1
3351,1,1,2,1
3352,0,2,0,1
3353,0,1,1,1
3354,0,2,1,1
3355,1,2,0,1
3356,1,1,0,1
3357,1,2,1,1
3358,1,1,0,1
3359,0,1,1,1
3360,1,1,0,1
3361,1,1,0,1
3362,1,1,0,1
3363,1,2,0,1
3364,0,1,1,1
3365,1,1,1,1
3366,1,1,1,1
3367,1,1,0,1
3368,1,1,0,1
3369,1,1,1,1
3370,0,1,0,1
3371,1,1,0,1
3372,0,1,1,1
3373,1,1,0,1
3374,1,1,0,1
3375,0,1,1,1
3376,1,1,0,1
3377,0,1,0,1
3378,0,1,0,1
3379,0,0,2,1
3380,0,0,1,1
3381,1,0,1,1
3382,0,0,1,1
3383,0,0,1,1
3384,1,0,1,1
3385,1,1,1,1
3386,1,0,2,1
3387,1,0,0,1
3388,0,0,1,1
3389,0,0,0,1
3390,0,1,1,1
3391,0,1,1,1
3392,1,1,0,1
3393,1,1,1,1
3394,1,1,1,1
3395,1,1,0,1
3396,1,0,1,1
3397,0,1,0,1
3398,1,0,0,1
3399,0,1,0,1
3400,1,1,0,1
3401,0,1,0,1
3402,0,1,0,1
3403,1,1,0,1
3404,0,1,0,1
3405,1,1,0,1
3406,0,2,0,1
3407,0,1,0,1
3408,0,2,0,1
3409,0,1,0,1
3410,1,1,1,1
3411,0,1,1,1
3412,1,1,0,1
3413,1,1,0,1
3414,1,1,1,1
3415,0,1,1,1
3416,0,1,1,1
3417,0,1,0,1
3418,0,1,1,1
3419,1,2,0,1
3420,0,1,1,1
3421,1,1,2,1
3422,1,1,0,1
3423,0,2,0,1
3424,1,1,0,1
3425,1,1,0,1
3426,1,1,1,1
3427,1,1,1,1
3428,1,1,1,1
3429,1,1,1,1
3430,1,1,1,1
3431,0,2,1,1
3432,0,1,1,1
3433,0,1,1,1
3434,0,1,1,1
3435,1,1,0,1
3436,1,1,1,1
3437,0,1,1,1
3438,1,1,1,1
3439,1,1,1,1
3440,1,1,1,1
3441,1,1,1,1
3442,1,1,1,1
3443,0,1,0,1
3444,1,1,1,1
3445,1,1,1,1
3446,0,1,1,1
3447,1,2,0,1
3448,1,1,1,1
3449,1,2,0,1
3450,1,1,1,1
3451,0,1,1,1
3452,1,1,1,1
3453,0,1,1,1
3454,1,1,1,1
3455,1,0,1,1
3456,1,1,1,1
3457,1,1,1,1
3458,0,1,1,1
3459,0,2,1,1
3460,1,1,1,1
3461,0,1,0,1
3462,0,1,0,1
3463,1,1,0,1
3464,1,1,1,1
3465,1,1,1,1
3466,1,1,1,1
3467,1,1,1,1
3468,0,1,0,1
3469,1,1,1,1
3470,0,1,0,1
3471,1,1,1,1
3472,1,2,0,1
3473,1,1,2,1
3474,1,2,0,1
3475,0,1,0,1
3476,1,1,0,1
3477,1,0,0,1
3478,1,1,0,1
3479,1,1,0,2
3480,0,1,0,1
3481,0,1,1,1
3482,1,0,1,1
3483,1,1,1,7
3484,0,1,1,1
3485,1,1,1,7
3486,1,2,0,8
3487,0,1,1,1
3488,0,1,0,7
3489,0,0,0,3
3490,1,1,1,2
3491,0,1,0,1
3492,1,1,1,1
3493,1,1,0,8
3494,0,1,0,1
3495,0,1,1,2
3496,0,1,0,1
3497,0,1,0,3
3498,1,0,0,1
3499,0,1,0,1
3500,1,1,1,7
3501,1,1,1,7
3502,1,0,1,1
3503,1,1,0,8
3504,1,0,0,1
3505,0,2,0,8
3506,1,2,0,8
3507,1,1,0,7
3508,1,1,0,7
3509,0,1,1,1
3510,0,1,2,1
3511,1,2,0,8
3512,1,1,1,7
3513,0,2,0,1
3514,1,1,1,7
3515,1,1,1,7
3516,0,1,1,1
3517,0,1,1,2
3518,1,2,1,2
3519,0,1,1,1
3520,1,1,0,2
3521,0,1,1,1
3522,0,2,1,8
3523,1,1,0,2
3524,0,1,1,7
3525,0,1,1,1
3526,1,1,2,1
3527,0,1,1,1
3528,0,1,1,7
3529,0,1,1,2
3530,0,1,1,1
3531,1,1,0,7
3532,1,1,1,1
3533,0,1,1,1
3534,0,1,1,2
3535,0,1,1,1
3536,1,1,2,2
3537,0,1,1,7
3538,1,1,1,2
3539,1,0,0,1
3540,0,1,0,8
3541,1,1,1,1
3542,0,1,1,2
3543,0,1,1,1
3544,1,1,0,1
3545,0,1,1,1
3546,1,2,1,8
3547,0,1,1,1
3548,1,1,0,1
3549,0,1,0,1
3550,0,1,0,1
3551,1,1,0,1
3552,0,1,1,1
3553,0,2,0,1
3554,0,2,0,1
3555,1,2,0,1
3556,1,1,1,2
3557,1,2,0,3
3558,1,1,1,1
3559,1,1,0,1
3560,0,1,0,1
3561,1,1,0,2
3562,1,1,0,7
3563,0,0,2,7
3564,0,1,0,2
3565,1,1,1,2
3566,1,1,0,8
3567,0,0,1,7
3568,0,1,0,1
3569,1,2,0,8
3570,1,1,0,1
3571,0,1,0,8
3572,1,1,0,1
3573,0,1,1,1
3574,0,2,1,7
3575,1,2,0,1
3576,0,2,0,1
3577,1,0,0,1
3578,1,1,1,7
3579,0,1,1,1
3580,0,1,0,7
3581,1,1,0,1
3582,1,1,1,1
3583,0,1,0,7
3584,0,1,0,1
3585,0,1,0,1
3586,1,1,1,7
3587,0,1,0,8
3588,0,1,1,7
3589,1,0,1,3
3590,1,1,1,1
3591,1,1,0,7
3592,1,1,0,1
3593,1,1,0,1
3594,1,1,1,1
3595,0,1,0,1
3596,0,1,1,1
3597,1,1,0,1
3598,0,1,1,1
3599,0,1,0,3
3600,1,0,1,2
3601,0,1,1,1
3602,1,1,0,1
3603,1,1,1,7
3604,1,1,0,1
3605,0,1,0,8
3606,1,1,0,3
3607,0,1,1,1
3608,0,1,1,2
3609,1,1,0,1
3610,0,1,1,2
3611,0,1,1,1
3612,1,1,2,7
3613,1,1,1,1
3614,0,1,1,2
3615,0,1,1,1
3616,1,2,1,8
3617,1,1,0,2
3618,0,1,0,3
3619,1,1,1,1
3620,0,1,1,1
3621,1,1,0,3
3622,0,0,1,7
3623,0,0,1,1
3624,0,0,1,1
3625,0,2,1,8
3626,0,0,1,7
3627,0,1,0,1
3628,0,0,2,1
3629,0,1,0,1
3630,1,0,1,1
3631,1,1,0,7
3632,1,1,0,1
3633,1,0,1,1
3634,1,0,1,1
3635,0,1,1,1
3636,1,1,0,7
3637,0,2,0,8
3638,1,0,1,2
3639,0,1,1,7
3640,1,1,1,1
3641,1,0,1,1
3642,0,1,1,1
3643,1,1,1,1
3644,0,1,1,2
3645,0,1,1,7
3646,0,2,1,8
3647,0,1,2,2
3648,0,1,1,8
3649,1,0,1,7
3650,1,1,0,2
3651,1,1,1,2
3652,0,0,2,2
3653,0,1,0,7
3654,0,0,0,2
3655,1,1,1,1
3656,0,0,1,3
3657,0,1,1,1
3658,1,1,1,2
3659,0,0,2,3
3660,1,1,2,2
3661,1,0,2,2
3662,1,1,1,7
3663,0,1,0,5
3664,0,1,2,2
3665,1,1,0,1
3666,0,1,1,3
3667,0,1,0,3
3668,1,1,1,7
3669,1,1,1,7
3670,1,1,0,7
3671,0,2,0,7
3672,1,1,2,1
3673,0,1,1,1
3674,0,1,0,1
3675,0,2,1,1
3676,0,1,0,1
3677,1,1,1,2
3678,1,1,1,2
3679,0,2,1,1
3680,1,1,1,1
3681,0,2,1,8
3682,0,1,0,1
3683,1,1,1,2
3684,1,0,1,2
3685,0,1,1,8
3686,0,1,1,1
3687,1,1,1,7
3688,0,1,1,1
3689,1,0,1,1
3690,1,0,0,2
3691,0,1,1,3
3692,1,1,0,7
3693,1,1,1,1
3694,1,1,1,7
3695,1,1,1,3
3696,0,2,1,1
3697,0,2,0,1
3698,0,1,0,7
3699,1,1,0,8
3700,1,1,0,1
3701,0,1,1,3
3702,0,2,0,1
3703,1,1,1,3
3704,0,1,0,8
3705,1,1,0,7
3706,1,1,0,8
3707,1,1,1,2
3708,0,2,0,8
3709,0,2,0,8
3710,1,2,1,8
3711,0,1,0,1
3712,1,1,0,1
3713,1,1,0,1
3714,1,1,1,1
3715,1,1,0,1
3716,0,1,0,1
3717,0,1,1,8
3718,0,1,0,1
3719,0,1,1,1
3720,0,1,1,1
3721,0,1,1,1
3722,0,1,1,1
3723,0,1,1,1
3724,0,1,0,3
3725,1,1,1,1
3726,1,0,1,7
3727,1,1,0,1
3728,0,1,0,1
3729,0,2,1,8
3730,0,2,1,7
3731,1,1,0,2
3732,0,1,0,1
3733,0,1,0,1
3734,1,1,1,2
3735,1,1,1,1
3736,0,1,0,1
3737,0,2,0,1
3738,1,0,2,7
3739,0,1,0,1
3740,1,1,1,1
3741,1,0,1,7
3742,1,1,1,1
3743,0,2,1,8
3744,0,2,0,1
3745,1,2,0,8
3746,0,1,1,5
3747,1,1,1,7
3748,1,1,1,7
3749,1,1,1,7
3750,1,1,1,1
3751,0,1,1,2
3752,0,1,1,1
3753,0,1,1,1
3754,1,1,0,3
3755,1,1,1,1
3756,1,1,0,1
3757,0,2,0,7
3758,0,1,0,3
3759,0,1,0,2
3760,1,2,0,7
3761,1,1,1,1
3762,1,1,0,7
3763,1,1,0,1
3764,1,1,1,1
3765,0,1,1,1
3766,1,1,0,7
3767,1,1,0,7
3768,1,1,1,1
3769,0,1,1,7
3770,1,1,1,1
3771,0,1,1,1
3772,1,1,2,8
3773,0,1,1,1
3774,1,1,1,1
3775,1,1,2,1
3776,1,1,0,1
3777,0,1,1,1
3778,1,1,0,3
3779,1,1,1,1
3780,0,1,1,1
3781,1,1,2,8
3782,0,1,1,7
3783,0,1,0,8
3784,0,2,2,8
3785,0,1,1,7
3786,0,2,0,8
3787,0,1,1,1
3788,0,1,0,1
3789,1,1,1,1
3790,1,1,1,7
3791,1,1,1,1
3792,0,1,0,3
3793,1,1,1,1
3794,1,1,1,1
3795,1,1,2,1
3796,0,1,1,1
3797,0,1,1,2
3798,1,1,1,7
3799,0,1,1,2
3800,1,1,1,7
3801,1,1,1,1
3802,0,1,1,8
3803,1,0,2,3
3804,0,1,1,8
3805,1,0,1,1
3806,1,1,1,7
3807,0,1,1,1
3808,1,1,1,7
3809,0,1,1,1
3810,1,0,1,3
3811,0,1,1,2
3812,1,1,1,7
3813,0,1,0,3
3814,0,0,1,1
3815,0,1,2,1
3816,1,1,1,1
3817,0,1,1,7
3818,1,1,1,7
3819,0,1,1,1
3820,0,2,0,1
3821,1,1,0,1
3822,1,1,1,2
3823,0,1,1,7
3824,1,1,1,1
3825,1,1,1,1
3826,0,1,2,1
3827,0,2,0,8
3828,0,1,1,1
3829,1,1,2,2
3830,0,1,1,7
3831,1,0,2,3
3832,0,1,1,1
3833,0,1,0,1
3834,1,1,2,2
3835,1,1,1,1
3836,1,1,1,1
3837,0,0,1,1
3838,1,1,1,1
3839,0,1,1,7
3840,1,1,2,7
3841,0,1,1,2
3842,0,1,1,7
3843,0,1,1,1
3844,0,1,1,3
3845,0,1,1,8
3846,1,1,1,1
3847,0,1,1,1
3848,0,1,1,1
3849,1,1,1,7
3850,0,1,1,1
3851,1,1,2,1
3852,0,1,1,3
3853,1,1,2,7
3854,1,1,1,7
3855,1,1,1,1
3856,0,2,1,1
3857,0,1,1,1
3858,0,1,2,1
3859,0,1,2,1
3860,0,1,2,1
3861,1,1,1,1
3862,0,1,1,1
3863,0,1,1,1
3864,1,1,1,1
3865,1,1,1,1
3866,1,1,1,1
3867,0,2,1,1
3868,0,1,1,1
3869,0,1,1,2
3870,0,1,1,1
3871,1,1,1,7
3872,1,1,1,1
3873,1,1,1,3
3874,1,1,0,1
3875,0,1,1,1
3876,0,1,1,1
3877,1,1,1,1
3878,1,1,1,1
3879,1,1,1,3
3880,1,1,2,1
3881,1,1,1,2
3882,1,1,1,1
3883,0,1,0,2
3884,1,1,0,1
3885,1,1,1,1
3886,1,0,0,2
3887,0,1,2,1
3888,0,2,0,8
3889,1,1,1,1
3890,0,0,2,1
3891,0,1,0,1
3892,1,1,0,3
3893,0,1,2,1
3894,1,1,0,7
3895,1,1,0,1
3896,1,1,1,1
3897,1,1,1,1
3898,0,1,1,1
3899,0,1,1,7
3900,1,1,1,1
3901,0,1,1,1
3902,0,2,0,2
3903,0,1,0,7
3904,1,1,1,1
3905,1,1,1,8
3906,0,1,0,1
3907,0,1,0,3
3908,0,1,1,1
3909,0,1,0,7
3910,1,1,1,1
3911,0,1,0,7
3912,1,1,2,7
3913,0,1,0,1
3914,1,0,1,1
3915,1,0,0,1
3916,1,1,1,2
3917,0,2,0,1
3918,1,0,1,1
3919,0,1,0,7
3920,1,1,1,2
3921,1,1,1,1
3922,0,1,2,2
3923,1,1,0,7
3924,1,1,1,3
3925,1,1,1,7
3926,0,1,0,8
3927,0,0,2,1
3928,1,1,0,1
3929,0,1,0,1
3930,1,1,1,2
3931,1,1,0,1
3932,0,1,1,1
3933,1,1,1,7
3934,0,2,0,1
3935,1,1,0,1
3936,1,1,0,1
3937,0,1,1,1
3938,1,1,1,1
3939,0,1,1,7
3940,1,1,0,3
3941,0,1,1,1
3942,0,1,2,1
3943,0,1,0,1
3944,1,1,0,7
3945,1,1,1,1
3946,1,2,1,1
3947,0,1,0,7
3948,1,1,1,1
3949,0,2,0,8
3950,0,1,1,1
3951,0,1,1,1
3952,1,1,1,1
3953,0,1,0,1
3954,1,1,1,8
3955,0,1,1,1
3956,0,1,0,1
3957,0,2,0,3
3958,0,2,0,3
3959,0,1,1,1
3960,1,1,2,7
3961,0,1,0,2
3962,0,1,1,1
3963,1,1,1,2
3964,1,1,0,8
3965,1,1,1,1
3966,1,1,0,8
3967,0,1,0,1
3968,0,2,2,1
3969,1,1,0,8
3970,0,2,1,1
3971,0,2,0,1
3972,0,1,1,1
3973,0,1,1,1
3974,1,1,1,1
3975,1,2,1,8
3976,0,1,0,2
3977,0,2,0,1
3978,1,1,0,2
3979,1,1,1,1
3980,0,1,0,3
3981,1,1,0,7
3982,1,1,1,1
3983,0,1,1,1
3984,0,1,1,2
3985,0,1,1,1
3986,0,1,0,8
3987,1,1,1,7
3988,0,1,1,7
3989,1,1,2,2
3990,0,1,1,2
3991,1,1,1,7
3992,0,1,1,7
3993,0,1,1,3
3994,0,1,1,8
3995,0,1,0,1
3996,0,1,1,2
3997,1,1,2,2
3998,0,1,1,1
3999,0,1,0,8
4000,1,0,1,1
4001,0,1,1,8
4002,1,1,1,1
4003,1,1,0,3
4004,0,1,0,2
4005,0,1,0,2
4006,1,1,1,1
4007,1,1,1,2
4008,1,0,1,2
4009,1,1,0,2
4010,0,1,0,3
4011,1,1,1,2
4012,1,1,0,8
4013,0,1,0,7
4014,1,1,0,1
4015,0,1,0,1
4016,1,1,0,1
4017,0,1,1,7
4018,0,1,0,5
4019,1,1,0,1
4020,1,1,1,1
4021,0,1,0,3
4022,0,1,0,2
4023,1,0,0,1
4024,1,0,1,1
4025,1,1,1,2
4026,0,1,1,1
4027,0,2,0,7
4028,1,1,2,1
4029,0,1,0,1
4030,0,1,0,3
4031,0,1,0,1
4032,1,1,0,7
4033,1,1,1,7
4034,1,1,0,2
4035,1,1,1,7
4036,0,1,1,1
4037,1,1,0,1
4038,0,1,0,1
4039,0,1,1,7
4040,1,1,1,1
4041,0,1,0,7
4042,0,1,1,1
4043,1,1,0,2
4044,0,1,1,7
4045,1,1,1,1
4046,0,1,1,1
4047,1,1,1,1
4048,1,1,1,1
4049,0,1,1,7
4050,1,1,1,1
4051,1,1,1,7
4052,0,1,0,7
4053,0,1,1,7
4054,1,1,1,1
4055,0,1,0,1
4056,1,1,1,7
4057,0,1,1,1
4058,1,0,1,7
4059,0,0,1,7
4060,0,1,0,2
4061,1,1,1,1
4062,1,1,1,7
4063,1,1,0,2
4064,0,1,0,2
4065,1,1,1,7
4066,1,0,1,1
4067,0,1,0,2
4068,1,1,1,2
4069,1,1,0,1
4070,1,1,1,1
4071,1,1,0,1
4072,1,1,1,1
4073,1,1,2,2
4074,1,1,0,1
4075,0,1,0,1
4076,0,1,1,7
4077,1,1,1,1
4078,0,1,0,2
4079,0,1,1,7
4080,1,1,1,2
4081,1,1,0,1
4082,0,1,1,1
4083,1,0,1,1
4084,1,1,1,1
4085,0,1,0,1
4086,0,1,1,2
4087,0,1,0,1
4088,0,0,1,7
4089,1,2,0,1
4090,1,1,1,1
4091,0,1,1,7
4092,1,1,1,1
4093,0,1,0,3
4094,0,1,1,7
4095,0,1,0,1
4096,1,1,1,7
4097,1,1,0,1
4098,1,1,1,1
4099,0,2,0,2
4100,0,1,0,1
4101,1,2,0,2
4102,1,1,1,2
4103,0,1,0,2
4104,1,1,0,2
4105,1,1,1,7
4106,0,1,1,2
4107,1,1,0,2
4108,0,1,0,2
4109,1,0,1,2
4110,1,0,1,7
4111,1,1,1,1
4112,0,1,1,1
4113,1,1,1,1
4114,0,1,0,3
4115,0,1,0,3
4116,0,1,2,7
4117,1,1,1,1
4118,0,0,2,7
4119,0,1,1,7
4120,0,0,2,3
4121,1,1,1,2
4122,0,2,0,1
4123,0,1,0,1
4124,1,2,0,7
4125,0,0,1,7
4126,1,1,0,1
4127,0,1,0,1
4128,1,1,1,7
4129,0,2,0,2
4130,0,2,0,8
4131,0,1,1,5
4132,0,1,1,1
4133,1,1,1,7
4134,0,1,0,1
4135,0,1,0,2
4136,0,1,1,1
4137,0,1,1,7
4138,0,1,0,2
4139,0,1,0,1
4140,0,1,1,1
4141,1,1,0,2
4142,0,1,0,2
4143,1,2,0,8
4144,1,1,0,2
4145,1,1,1,1
4146,0,1,0,1
4147,1,1,1,2
4148,0,1,0,1
4149,0,1,0,7
4150,1,1,1,1
4151,0,1,1,1
4152,0,1,0,8
4153,1,2,2,8
4154,0,2,1,8
4155,0,1,1,2
4156,1,1,1,1
4157,1,1,2,7
4158,0,1,1,2
4159,1,1,1,1
4160,0,1,1,1
4161,0,2,0,1
4162,0,1,1,7
4163,0,0,1,7
4164,0,1,1,1
4165,1,1,1,7
4166,1,1,1,1
4167,1,1,1,7
4168,1,1,1,2
4169,0,2,1,7
4170,1,2,1,8
4171,0,1,0,7
4172,0,1,1,7
4173,1,1,0,7
4174,0,1,1,1
4175,0,1,1,1
4176,0,2,0,1
4177,0,1,2,2
4178,1,1,1,2
4179,1,1,1,1
4180,1,1,1,1
4181,1,1,0,1
4182,0,1,0,1
4183,0,2,1,8
4184,1,0,1,7
4185,0,1,0,1
4186,0,2,0,8
4187,1,1,0,7
4188,0,2,0,2
4189,1,1,1,1
4190,0,2,0,7
4191,1,1,1,1
4192,0,1,1,2
4193,0,1,1,2
4194,0,1,0,2
4195,0,1,0,1
4196,0,2,0,7
4197,0,1,1,2
4198,0,1,0,7
4199,0,1,1,1
4200,1,1,2,1
4201,0,1,1,2
4202,0,1,1,1
4203,1,2,0,8
4204,0,1,1,1
4205,0,2,2,8
4206,0,1,1,1
4207,1,1,2,1
4208,1,0,1,2
4209,1,1,1,1
4210,1,1,1,8
4211,0,1,0,1
4212,1,0,1,1
4213,1,1,1,7
4214,0,1,1,1
4215,1,1,0,1
4216,1,1,2,1
4217,1,1,1,1
4218,1,1,1,2
4219,1,0,2,7
4220,1,1,1,1
4221,0,1,1,1
4222,0,1,1,1
4223,1,0,1,1
4224,1,0,2,1
4225,1,0,1,7
4226,1,1,1,7
4227,1,1,0,8
4228,0,1,0,1
4229,0,1,0,3
4230,0,1,1,1
4231,0,1,1,8
4232,1,1,0,5
4233,0,1,0,8
4234,1,0,2,2
4235,1,1,1,1
4236,0,1,1,1
4237,0,1,0,2
4238,0,1,0,1
4239,0,1,0,1
4240,1,1,0,1
4241,1,1,2,7
4242,1,1,0,1
4243,0,1,1,1
4244,0,1,1,7
4245,1,0,2,3
4246,1,1,1,1
4247,1,1,2,3
4248,1,1,1,1
4249,1,1,1,2
4250,1,1,1,8
4251,1,1,1,3
4252,0,1,1,8
4253,0,1,1,7
4254,1,1,1,3
4255,0,1,1,1
4256,1,1,1,5
4257,1,1,1,8
4258,1,1,1,7
4259,1,1,1,1
4260,1,1,0,1
4261,1,1,1,2
4262,1,1,1,1
4263,1,0,0,3
4264,1,2,0,8
4265,0,1,1,7
4266,1,1,0,8
4267,0,1,0,2
4268,1,1,0,2
4269,0,1,1,8
4270,0,1,2,7
4271,0,1,2,7
4272,0,1,1,1
4273,0,0,1,1
4274,0,0,2,3
4275,0,0,1,3
4276,0,0,1,8
4277,0,0,1,7
4278,1,1,1,1
4279,0,1,0,1
4280,0,1,2,1
4281,1,2,0,8
4282,0,1,1,7
4283,0,1,0,2
4284,1,0,1,1
4285,1,1,0,1
4286,0,1,1,1
4287,1,1,1,7
4288,0,1,0,1
4289,0,1,2,2
4290,0,1,1,1
4291,1,1,1,1
4292,0,0,1,3
4293,1,2,1,8
4294,0,0,1,8
4295,0,0,1,3
4296,1,0,1,1
4297,0,1,1,8
4298,0,0,1,1
4299,0,1,1,1
4300,0,1,0,1
4301,1,1,0,1
4302,0,1,0,1
4303,1,2,1,8
4304,0,1,1,1
4305,0,2,1,8
4306,0,1,0,1
4307,0,1,1,1
4308,0,1,1,1
4309,1,1,1,1
4310,1,1,1,7
4311,0,1,1,2
4312,1,1,0,8
4313,0,1,1,7
4314,1,1,1,7
4315,1,1,1,8
4316,0,1,1,1
4317,0,1,1,3
4318,1,1,2,3
4319,0,2,1,8
4320,1,1,1,2
4321,1,0,2,7
4322,0,2,0,8
4323,1,2,0,8
4324,0,1,1,1
4325,0,2,1,8
4326,1,1,0,3
4327,1,1,1,7
4328,1,1,0,3
4329,1,1,1,7
4330,0,1,1,1
4331,1,2,2,8
4332,1,1,1,1
4333,0,1,1,5
4334,0,1,1,1
4335,1,1,1,7
4336,0,1,1,1
4337,0,1,0,1
4338,1,1,1,1
4339,1,1,1,2
4340,0,0,1,7
4341,1,1,1,2
4342,1,0,1,2
4343,1,1,0,3
4344,1,1,0,1
4345,1,1,1,1
4346,0,0,1,3
4347,0,1,0,3
4348,0,1,0,3
4349,1,1,1,1
4350,0,1,0,1
4351,1,1,1,3
4352,0,2,1,1
4353,1,1,1,7
4354,0,2,1,8
4355,0,1,1,7
4356,1,1,1,7
4357,1,1,1,1
4358,0,1,1,2
4359,1,1,0,1
4360,0,0,2,3
4361,1,1,1,2
4362,0,1,1,1
4363,0,1,1,7
4364,1,1,1,1
4365,1,2,1,1
4366,1,1,0,1
4367,1,1,2,7
4368,0,0,1,2
4369,0,1,1,1
4370,0,1,1,1
4371,0,2,0,1
4372,1,1,0,7
4373,0,1,0,7
4374,0,1,0,1
4375,1,1,1,1
4376,1,1,0,7
4377,1,0,0,2
4378,0,1,1,2
4379,1,0,1,2
4380,0,1,0,3
4381,1,1,0,8
4382,0,1,1,1
4383,1,1,1,1
4384,0,1,0,8
4385,0,1,1,1
4386,1,1,1,1
4387,0,1,0,2
4388,0,1,1,3
4389,1,1,0,1
4390,0,1,0,8
4391,0,1,0,8
4392,0,1,0,1
4393,0,1,0,8
4394,1,1,0,1
4395,0,1,1,1
4396,0,1,1,1
4397,1,1,2,1
4398,0,1,2,1
4399,1,1,0,1
4400,1,1,1,7
4401,0,1,2,7
4402,0,1,2,1
4403,1,1,2,1
4404,0,2,0,8
4405,1,1,0,1
4406,1,1,1,7
4407,1,1,1,7
4408,1,1,1,7
4409,1,1,1,7
4410,1,1,1,7
4411,0,1,1,1
4412,0,1,1,7
4413,0,1,1,1
4414,0,1,1,7
4415,0,1,1,7
4416,0,1,0,7
4417,0,2,1,1
4418,1,1,0,1
4419,1,1,0,1
4420,1,1,0,1
4421,0,1,1,1
4422,0,2,0,1
4423,0,1,0,1
4424,0,2,0,1
4425,1,2,0,1
4426,1,1,1,7
4427,0,1,0,1
4428,0,2,0,1
4429,0,1,1,1
4430,1,1,0,1
4431,1,1,1,1
4432,1,1,1,1
4433,0,0,1,1
4434,0,1,1,2
4435,1,1,2,1
4436,0,1,0,8
4437,1,0,2,1
4438,0,1,0,1
4439,0,1,1,1
4440,0,1,0,3
4441,1,2,0,8
4442,0,1,0,5
4443,1,1,1,2
4444,1,1,1,1
4445,1,1,1,1
4446,1,0,0,3
4447,1,1,0,7
4448,0,1,1,7
4449,0,1,0,1
4450,0,1,0,8
4451,1,1,1,1
4452,0,0,1,7
4453,1,2,0,8
4454,0,1,1,1
4455,1,0,1,2
4456,0,1,1,1
4457,1,1,1,1
4458,0,2,0,1
4459,1,1,0,8
4460,1,1,0,1
4461,0,1,1,1
4462,1,1,1,1
4463,0,1,1,7
4464,1,1,1,1
4465,0,1,0,8
4466,1,1,1,1
4467,1,1,1,3
4468,1,1,0,1
4469,1,1,0,1
4470,1,1,0,7
4471,1,1,0,3
4472,0,1,1,7
4473,0,1,1,1
4474,0,0,1,7
4475,1,1,1,1
4476,0,1,1,7
4477,0,1,0,1
4478,1,1,1,1
4479,0,1,1,1
4480,0,1,1,1
4481,1,0,1,8
4482,0,1,0,3
4483,0,0,1,1
4484,0,1,1,1
4485,1,1,1,3
4486,0,1,0,5
4487,0,1,1,7
4488,1,1,1,1
4489,1,1,1,1
4490,1,1,1,1
4491,1,1,1,2
4492,0,1,1,1
4493,1,1,1,2
4494,1,1,0,7
4495,0,2,0,2
4496,0,1,0,3
4497,0,2,0,3
4498,0,1,0,3
4499,1,1,0,2
4500,0,1,0,2
4501,1,1,0,2
4502,1,1,1,7
4503,1,1,0,7
4504,0,1,0,3
4505,1,1,0,7
4506,1,1,0,2
4507,0,1,0,3
4508,0,1,0,3
4509,0,1,0,2
4510,0,1,0,3
4511,1,1,1,7
4512,0,1,0,2
4513,0,1,0,7
4514,1,1,1,2
4515,1,1,1,3
4516,0,1,0,2
4517,1,1,1,2
4518,0,1,0,7
4519,0,1,1,1
4520,1,2,0,8
4521,1,1,0,2
4522,0,1,1,1
4523,1,1,1,1
4524,1,1,1,1
4525,1,1,0,3
4526,0,1,1,7
4527,1,0,1,2
4528,0,1,1,2
4529,0,1,1,1
4530,1,2,0,1
4531,0,1,1,1
4532,1,1,1,7
4533,1,1,1,1
4534,1,1,1,7
4535,1,1,1,7
4536,0,1,1,7
4537,1,1,1,1
4538,1,0,1,7
4539,1,1,1,2
4540,1,1,1,1
4541,0,1,1,1
4542,0,1,1,7
4543,0,1,1,7
4544,1,1,0,0
4545,1,1,0,0
4546,0,2,0,1
4547,1,1,0,1
4548,1,1,0,3
4549,1,1,1,3
4550,0,1,0,3
4551,1,1,2,1
4552,0,2,0,8
4553,1,1,0,2
4554,0,1,0,1
4555,1,0,2,2
4556,1,1,1,2
4557,0,1,0,1
4558,1,0,1,0
4559,0,1,1,1
4560,1,1,2,1
4561,0,1,0,0
4562,1,1,0,1
4563,0,1,1,0
4564,0,1,1,1
4565,1,1,0,1
4566,1,1,1,0
4567,1,1,0,0
4568,1,1,0,1
4569,0,1,1,2
4570,1,1,1,8
4571,1,1,0,1
4572,1,1,1,2
4573,0,1,1,2
4574,1,1,1,1
4575,1,1,1,0
4576,1,0,1,1
4577,1,1,1,1
4578,1,1,0,1
4579,0,1,0,1
4580,0,1,0,1
4581,0,1,0,3
4582,0,1,1,1
4583,0,1,2,2
4584,0,1,0,2
4585,1,0,2,0
4586,1,1,0,1
4587,1,1,0,8
4588,0,1,1,1
4589,1,1,2,0
4590,1,1,1,2
4591,0,1,1,0
4592,1,1,1,1
4593,0,1,1,1
4594,1,1,0,3
4595,0,2,1,8
4596,0,2,1,8
4597,0,1,1,8
4598,1,1,0,3
4599,1,1,0,1
4600,0,1,0,3
4601,0,2,1,8
4602,1,1,0,8
4603,1,1,2,1
4604,0,1,0,1
4605,1,1,0,2
4606,1,1,0,2
4607,0,1,1,1
4608,1,1,1,1
4609,0,0,1,5
4610,1,1,1,1
4611,1,0,1,0
4612,0,1,0,2
4613,0,1,0,2
4614,0,1,0,1
4615,1,1,1,1
4616,0,1,0,1
4617,1,1,0,0
4618,0,1,0,1
4619,1,1,0,1
4620,0,1,1,1
4621,1,1,1,2
4622,0,1,1,1
4623,0,1,0,1
4624,1,0,0,5
4625,0,2,0,8
4626,1,1,0,1
4627,0,1,0,1
4628,1,2,0,1
4629,1,1,1,0
4630,0,1,1,1
4631,1,1,0,2
4632,0,1,1,1
4633,0,1,1,1
4634,0,1,1,1
4635,0,1,2,0
4636,1,1,1,0
4637,0,1,1,2
4638,1,1,2,2
4639,0,2,0,1
4640,0,1,1,1
4641,1,1,1,1
4642,1,1,1,1
4643,0,1,1,0
4644,1,1,1,0
4645,0,1,1,1
4646,0,2,1,8
4647,0,1,1,1
4648,0,1,1,0
4649,1,1,1,1
4650,1,1,1,0
4651,1,1,1,0
4652,1,1,1,0
4653,0,1,0,3
4654,1,1,0,2
4655,0,1,1,1
4656,0,1,0,1
4657,0,1,1,1
4658,1,1,0,0
4659,0,1,1,8
4660,1,2,0,8
4661,1,1,0,1
4662,1,1,0,0
4663,1,1,0,3
4664,1,1,0,1
4665,0,1,0,1
4666,0,1,1,1
4667,1,1,0,3
4668,0,1,1,1
4669,0,1,0,0
4670,1,1,0,8
4671,0,1,1,1
4672,0,1,0,3
4673,1,1,0,2
4674,1,1,0,0
4675,0,1,0,2
4676,0,1,1,0
4677,1,1,0,1
4678,0,1,0,0
4679,1,1,1,0
4680,0,1,1,1
4681,1,1,0,0
4682,1,1,1,1
4683,1,1,2,0
4684,1,1,0,1
4685,0,1,1,2
4686,1,2,0,1
4687,0,1,1,1
4688,0,1,1,2
4689,1,1,1,1
4690,0,1,0,0
4691,1,1,1,1
4692,0,1,1,1
4693,0,1,0,0
4694,1,0,1,1
4695,0,1,1,1
4696,1,1,1,1
4697,1,1,0,3
4698,1,1,1,0
4699,0,1,0,1
4700,1,1,0,1
4701,0,1,0,2
4702,0,1,1,1
4703,0,1,1,0
4704,0,1,2,1
4705,1,1,1,2
4706,0,1,1,1
4707,1,1,1,1
4708,1,1,1,2
4709,1,1,1,1
4710,1,1,1,0
4711,0,1,1,1
4712,1,2,0,1
4713,0,1,2,1
4714,1,1,1,1
4715,0,1,2,1
4716,1,1,1,2
4717,1,1,1,1
4718,0,1,0,1
4719,1,1,0,1
4720,0,1,1,1
4721,1,1,0,1
4722,0,1,1,1
4723,1,1,1,1
4724,0,1,1,0
4725,1,0,1,0
4726,0,1,0,2
4727,1,0,2,0
4728,0,1,0,1
4729,1,0,1,2
4730,0,1,0,1
4731,1,0,1,0
4732,0,1,0,0
4733,1,1,1,1
4734,0,1,0,0
4735,0,0,0,2
4736,0,2,0,1
4737,0,1,0,1
4738,1,1,0,1
4739,1,1,0,0
4740,1,1,0,1
4741,0,1,0,0
4742,0,1,0,0
4743,1,1,0,0
4744,1,1,0,0
4745,1,1,0,1
4746,1,2,0,3
4747,0,1,1,1
4748,1,1,1,2
4749,0,1,1,0
4750,0,1,1,0
4751,1,1,1,1
4752,1,1,0,1
4753,0,1,1,0
4754,0,2,0,1
4755,1,1,0,1
4756,0,1,1,0
4757,1,1,1,1
4758,0,1,1,0
4759,1,1,1,0
4760,1,1,1,1
4761,0,1,2,0
4762,0,1,1,0
4763,1,0,1,2
4764,0,2,1,8
4765,1,1,1,1
4766,1,1,1,1
4767,1,1,1,1
4768,1,1,1,1
4769,0,1,1,1
4770,0,1,1,1
4771,0,1,1,0
4772,1,2,0,8
4773,0,1,0,1
4774,0,1,1,0
4775,1,1,0,1
4776,1,1,0,8
4777,1,1,0,1
4778,0,1,0,1
4779,1,1,0,1
4780,1,1,1,0
4781,0,1,1,1
4782,1,1,1,8
4783,0,1,1,1
4784,1,1,1,3
4785,0,1,1,3
4786,0,2,1,1
4787,0,1,1,1
4788,1,2,1,8
4789,0,1,1,1
4790,1,1,1,1
4791,0,1,1,1
4792,1,1,1,0
4793,0,1,0,0
4794,1,1,1,0
4795,0,1,1,1
4796,0,1,0,0
4797,0,1,0,1
4798,1,1,1,1
4799,0,1,1,1
4800,0,1,1,0
4801,1,1,0,1
4802,0,1,1,1
4803,1,1,0,1
4804,1,1,2,0
4805,0,1,1,0
4806,1,1,1,1
4807,0,1,1,1
4808,1,1,1,2
4809,1,2,1,8
4810,1,1,0,0
4811,1,1,0,1
4812,0,1,1,1
4813,0,1,1,1
4814,0,1,1,1
4815,0,1,1,1
4816,1,1,0,1
4817,0,1,0,1
4818,1,1,1,0
4819,0,1,0,1
4820,1,1,1,0
4821,1,0,1,0
4822,0,1,1,0
4823,0,1,0,1
4824,0,1,1,1
4825,1,0,1,1
4826,1,1,1,1
4827,1,1,1,1
4828,0,1,0,1
4829,0,1,0,1
4830,1,1,0,1
4831,1,1,1,1
4832,1,1,0,1
4833,0,1,1,1
4834,0,1,1,1
4835,0,2,0,8
4836,1,0,0,3
4837,1,1,0,0
4838,1,1,0,1
4839,1,0,1,1
4840,1,0,2,0
4841,1,0,1,0
4842,0,1,0,2
4843,0,1,1,2
4844,0,1,1,2
4845,0,1,1,0
4846,0,1,1,2
4847,0,0,2,3
4848,0,1,0,8
4849,1,1,0,0
4850,1,1,0,8
4851,1,2,0,1
4852,0,2,0,1
4853,1,1,0,8
4854,0,1,0,2
4855,0,1,0,8
4856,1,1,0,8
4857,0,2,1,1
4858,0,1,0,8
4859,1,1,1,1
4860,1,1,0,8
4861,1,2,0,8
4862,1,1,0,8
4863,0,1,0,1
4864,1,1,0,8
4865,0,1,0,1
4866,0,2,0,8
4867,1,2,0,8
4868,1,1,0,1
4869,0,1,0,1
4870,1,1,0,1
4871,0,1,0,1
4872,0,1,1,2
4873,0,1,0,0
4874,1,1,0,1
4875,0,1,0,2
4876,0,1,0,3
4877,0,1,0,3
4878,1,1,0,2
4879,0,1,0,2
4880,1,1,0,3
4881,1,1,1,1
4882,0,1,0,1
4883,0,1,1,1
4884,0,1,1,8
4885,1,1,0,1
4886,0,1,1,1
4887,1,1,0,1
4888,1,1,1,2
4889,0,0,0,1
4890,0,0,1,3
4891,0,0,0,1
4892,0,0,1,1
4893,0,0,1,1
4894,0,0,2,3
4895,1,0,1,2
4896,1,0,1,0
4897,1,0,1,3
4898,1,1,0,0
4899,0,1,0,0
4900,1,2,0,8
4901,0,2,0,1
4902,1,2,0,8
4903,0,2,0,3
4904,1,2,0,3
4905,0,1,0,1
4906,0,1,0,1
4907,1,1,0,1
4908,0,2,0,1
4909,1,1,0,1
4910,1,1,0,2
4911,1,1,0,1
4912,0,2,0,1
4913,0,1,0,1
4914,0,1,1,1
4915,1,1,0,1
4916,1,2,0,1
4917,0,1,1,1
4918,1,1,1,2
4919,0,2,0,8
4920,0,1,1,0
4921,1,1,0,1
4922,1,1,0,1
4923,1,1,0,1
4924,0,1,0,1
4925,0,1,1,1
4926,1,1,1,1
4927,0,2,0,8
4928,0,1,0,0
4929,1,2,0,8
4930,0,1,0,1
4931,1,1,0,1
4932,1,1,0,1
4933,1,1,0,2
4934,0,1,1,1
4935,1,1,0,2
4936,0,1,1,1
4937,0,0,1,2
4938,0,1,1,1
4939,1,1,1,2
4940,0,1,1,1
4941,1,0,0,2
4942,1,1,1,1
4943,0,1,0,1
4944,0,1,0,8
4945,0,1,1,0
4946,1,1,0,2
4947,1,1,0,0
4948,0,1,1,2
4949,0,1,1,1
4950,1,1,1,0
4951,0,1,0,2
4952,0,1,0,5
4953,1,1,1,1
4954,0,1,0,1
4955,1,1,1,2
4956,0,1,1,1
4957,1,1,1,0
4958,0,2,1,8
4959,0,0,2,1
4960,1,1,2,0
4961,0,1,1,1
4962,0,1,1,1
4963,1,0,2,1
4964,0,1,2,1
4965,1,0,1,1
4966,0,1,1,1
4967,1,1,1,1
4968,0,1,1,1
4969,1,2,1,1
4970,0,2,0,1
4971,1,1,1,1
4972,0,1,1,2
4973,1,1,1,1
4974,1,1,1,1
4975,0,1,1,1
4976,1,1,1,1
4977,0,1,1,1
4978,1,1,1,2
4979,1,1,1,1
4980,1,1,0,1
4981,0,1,1,1
4982,0,1,1,1
4983,1,2,0,2
4984,1,0,1,0
4985,0,0,1,0
4986,0,1,1,1
4987,1,1,1,2
4988,1,1,1,2
4989,0,1,1,1
4990,1,1,1,2
4991,0,1,1,1
4992,0,2,1,2
4993,0,1,1,2
4994,0,1,1,2
4995,0,0,1,2
4996,0,1,1,1
4997,1,1,1,2
4998,1,1,0,0
4999,0,1,0,1
5000,0,0,0,1
5001,1,1,0,1
5002,0,1,0,1
5003,1,1,0,0
5004,0,0,2,1
5005,0,1,0,2
5006,1,0,1,0
5007,1,1,0,1
5008,0,1,0,8
5009,0,2,1,8
5010,1,1,0,1
5011,1,0,1,1
5012,0,1,0,1
5013,1,1,1,3
5014,0,1,1,1
5015,0,1,1,1
5016,0,1,0,1
5017,1,1,1,1
5018,1,1,1,1
5019,0,1,1,1
5020,1,1,1,1
5021,1,0,1,1
5022,0,1,1,1
5023,1,1,1,0
5024,1,1,1,1
5025,1,1,0,1
5026,1,2,0,3
5027,1,1,1,2
5028,0,2,1,8
5029,0,0,1,1
5030,0,1,1,2
5031,1,0,2,3
5032,1,2,0,8
5033,1,1,1,1
5034,0,1,1,1
5035,0,1,1,0
5036,0,1,1,1
5037,0,1,1,0
5038,0,1,1,0
5039,1,1,1,3
5040,0,1,1,1
5041,1,1,1,0
5042,1,1,1,2
5043,1,1,1,0
5044,0,1,1,1
5045,1,1,1,2
5046,0,1,1,1
5047,0,1,1,2
5048,1,1,1,0
5049,1,2,0,4
5050,0,1,0,0
5051,1,1,0,1
5052,1,2,0,0
5053,1,1,0,3
5054,0,1,0,4
5055,1,1,1,2
5056,1,2,0,4
5057,0,1,1,1
5058,1,2,0,4
5059,1,1,0,3
5060,1,1,0,1
5061,0,1,1,0
5062,0,1,0,4
5063,1,1,0,0
5064,1,2,0,4
5065,1,1,2,0
5066,0,1,1,1
5067,1,2,0,4
5068,1,1,0,0
5069,1,2,0,4
5070,1,1,1,0
5071,0,1,1,2
5072,0,1,0,1
5073,0,1,1,1
5074,1,1,1,2
5075,0,1,0,1
5076,1,1,2,0
5077,1,1,1,1
5078,1,1,1,1
5079,1,1,0,1
5080,1,2,0,4
5081,1,1,1,1
5082,1,2,0,4
5083,1,1,1,1
5084,1,1,0,1
5085,0,1,1,0
5086,0,1,0,0
5087,0,2,0,4
5088,1,2,0,4
5089,1,1,0,1
5090,0,1,2,1
5091,1,1,1,2
5092,1,1,1,1
5093,1,1,2,1
5094,0,2,1,1
5095,0,1,0,0
5096,1,1,1,1
5097,1,1,0,2
5098,0,1,1,1
5099,0,1,0,0
5100,1,1,0,1
5101,1,1,0,1
5102,1,1,1,0
5103,1,2,0,1
5104,0,1,1,1
5105,1,1,0,1
5106,0,1,0,1
5107,0,1,0,1
5108,1,1,0,0
5109,1,2,1,2
5110,0,1,0,1
5111,0,1,0,1
5112,1,1,2,1
5113,1,1,1,1
5114,1,1,0,1
5115,1,1,2,1
5116,1,1,1,1
5117,1,1,0,2
5118,0,1,1,1
5119,1,1,1,1
5120,0,1,2,1
5121,0,0,1,0
5122,1,1,2,1
5123,1,1,0,1
5124,0,1,2,1
5125,1,1,1,1
5126,1,1,0,1
5127,0,1,0,2
5128,1,1,1,2
5129,1,1,0,2
5130,0,1,0,0
5131,1,1,0,0
5132,1,1,1,1
5133,0,1,1,1
5134,0,1,1,1
5135,1,1,1,0
5136,0,1,0,1
5137,0,1,1,2
5138,1,1,1,1
5139,0,1,2,1
5140,1,1,0,1
5141,1,1,0,1
5142,1,1,0,2
5143,0,2,0,4
5144,1,1,0,1
5145,0,1,1,3
5146,1,0,1,0
5147,0,1,0,0
5148,0,1,1,2
5149,1,0,1,0
5150,0,1,0,3
5151,1,1,0,1
5152,0,1,0,1
5153,0,1,1,2
5154,0,1,0,3
5155,1,1,1,3
5156,1,1,1,0
5157,0,1,1,1
5158,0,1,1,1
5159,1,1,1,1
5160,1,1,0,1
5161,1,1,1,1
5162,0,1,1,1
5163,1,1,1,1
5164,1,1,0,2
5165,1,1,1,2
5166,0,1,0,1
5167,1,2,0,4
5168,0,0,0,3
5169,1,1,1,1
5170,1,1,1,0
5171,1,1,0,1
5172,0,1,2,1
5173,0,2,1,4
5174,0,1,1,1
5175,0,1,0,1
5176,1,1,1,0
5177,1,1,1,1
5178,0,1,1,0
5179,0,1,0,4
5180,1,1,0,2
5181,1,1,1,1
5182,1,1,1,2
5183,0,1,1,2
5184,0,2,0,4
5185,1,1,0,1
5186,0,2,1,4
5187,1,1,1,2
5188,0,2,0,4
5189,0,1,0,4
5190,1,2,1,1
5191,1,1,0,1
5192,0,1,1,1
5193,1,1,1,0
5194,1,1,1,1
5195,0,2,1,4
5196,1,1,1,1
5197,0,1,1,1
5198,1,2,0,1
5199,0,1,1,1
5200,1,1,1,1
5201,1,1,0,2
5202,0,1,1,1
5203,0,1,0,1
5204,0,1,0,1
5205,1,1,1,0
5206,1,1,1,1
5207,1,1,0,4
5208,1,0,1,2
5209,1,1,1,1
5210,1,2,1,4
5211,0,1,0,4
5212,1,1,1,3
5213,1,1,1,2
5214,1,1,0,1
5215,0,1,1,1
5216,1,0,0,1
5217,1,1,1,1
5218,0,1,0,1
5219,0,1,1,1
5220,0,1,1,1
5221,1,1,1,2
5222,0,1,1,0
5223,1,1,1,1
5224,0,0,1,1
5225,0,1,2,0
5226,0,2,0,3
5227,0,1,1,2
5228,0,1,1,4
5229,1,1,1,1
5230,0,1,2,1
5231,0,1,1,2
5232,0,1,1,1
5233,1,1,1,1
5234,0,1,0,1
5235,0,1,0,1
5236,1,0,1,0
5237,1,0,1,1
5238,1,1,0,0
5239,0,1,1,1
5240,0,1,1,1
5241,1,1,0,1
5242,0,1,1,1
5243,0,0,1,0
5244,0,1,1,1
5245,1,1,1,1
5246,1,1,1,1
5247,0,1,1,2
5248,0,1,0,1
5249,1,1,0,0
5250,1,1,0,2
5251,0,1,1,0
5252,1,1,0,1
5253,0,1,0,3
5254,1,1,1,0
5255,0,1,1,3
5256,0,2,2,1
5257,0,1,0,0
5258,1,1,1,3
5259,1,1,1,3
5260,1,1,1,3
5261,1,1,2,1
5262,1,1,1,3
5263,1,1,1,1
5264,0,1,1,1
5265,1,1,0,1
5266,1,1,0,1
5267,0,1,0,3
5268,1,0,2,1
5269,1,1,2,1
5270,0,1,2,1
5271,0,1,2,1
5272,0,1,2,1
5273,0,2,0,4
5274,1,1,1,1
5275,1,1,0,1
5276,0,2,0,4
5277,1,1,0,1
5278,1,1,1,3
5279,1,1,0,1
5280,1,1,0,1
5281,0,1,0,4
5282,1,1,1,1
5283,1,1,1,1
5284,1,1,1,1
5285,0,1,1,1
5286,1,0,1,0
5287,1,1,1,1
5288,0,1,1,1
5289,0,0,2,2
5290,1,1,1,2
5291,1,1,1,1
5292,1,2,1,4
5293,1,1,1,3
5294,0,1,2,1
5295,1,1,1,1
5296,1,1,2,0
5297,0,1,1,1
5298,1,1,1,2
5299,1,1,1,3
5300,1,1,0,1
5301,1,1,1,1
5302,0,2,1,4
5303,0,1,2,2
5304,1,0,1,3
5305,1,1,0,3
5306,1,1,0,1
5307,0,2,1,4
5308,0,1,1,1
5309,1,1,1,1
5310,1,1,0,1
5311,1,1,0,1
5312,1,1,0,1
5313,1,1,1,1
5314,0,1,0,0
5315,1,1,1,0
5316,1,1,1,1
5317,1,1,1,0
5318,0,1,1,1
5319,0,1,1,3
5320,1,1,1,1
5321,0,1,2,3
5322,0,1,1,1
5323,0,1,0,4
5324,0,1,0,0
5325,0,1,1,1
5326,0,1,0,2
5327,0,1,2,1
5328,1,0,1,3
5329,1,1,0,4
5330,1,1,0,0
5331,1,1,1,0
5332,0,1,1,3
5333,1,1,1,3
5334,0,1,0,2
5335,0,1,1,0
5336,0,1,1,1
5337,1,1,1,1
5338,0,1,0,1
5339,1,1,0,3
5340,1,0,0,3
5341,0,1,0,1
5342,0,1,0,2
5343,1,1,0,1
5344,0,1,0,1
5345,1,1,1,1
5346,0,1,0,1
5347,0,1,0,1
5348,0,1,0,2
5349,0,1,0,1
5350,0,1,0,0
5351,0,2,0,4
5352,1,1,0,4
5353,1,1,1,4
5354,1,1,1,0
5355,0,1,1,1
5356,0,1,1,1
5357,1,1,0,3
5358,0,1,0,0
5359,0,1,1,4
5360,1,1,1,2
5361,0,1,1,1
5362,1,1,1,1
5363,1,1,0,1
5364,1,1,1,1
5365,0,1,1,0
5366,1,1,0,1
5367,0,1,1,3
5368,1,0,1,2
5369,1,0,1,1
5370,1,1,0,4
5371,0,1,1,3
5372,1,0,0,1
5373,1,1,0,0
5374,1,1,0,1
5375,0,2,1,4
5376,0,1,0,3
5377,0,1,0,1
5378,1,2,1,1
5379,0,1,0,1
5380,1,2,0,1
5381,1,1,0,1
5382,1,1,0,1
5383,1,1,0,1
5384,1,1,1,1
5385,0,2,0,4
5386,1,1,1,4
5387,1,2,1,1
5388,1,2,0,1
5389,0,1,1,0
5390,0,1,0,3
5391,1,1,1,1
5392,1,1,1,1
5393,0,1,1,1
5394,1,1,0,1
5395,1,1,0,1
5396,1,1,1,2
5397,1,0,0,2
5398,0,1,1,2
5399,0,1,1,1
5400,1,1,1,3
5401,0,1,1,1
5402,1,1,1,1
5403,0,1,1,3
5404,1,1,1,2
5405,1,1,1,1
5406,1,0,2,0
5407,0,1,0,0
5408,0,1,0,1
5409,1,1,1,1
5410,0,1,1,1
5411,1,1,0,0
5412,0,1,0,1
5413,1,1,1,1
5414,1,0,1,1
5415,0,1,2,1
5416,0,1,1,1
5417,1,1,1,0
5418,1,1,2,1
5419,0,1,0,1
5420,0,1,1,1
5421,1,0,1,1
5422,1,1,0,1
5423,0,1,0,0
5424,1,1,0,0
5425,1,1,0,1
5426,1,1,0,1
5427,1,1,0,1
5428,0,1,1,1
5429,0,1,1,1
5430,1,1,1,1
5431,0,1,1,1
5432,1,1,1,1
5433,0,1,0,0
5434,1,1,1,0
5435,0,0,1,0
5436,1,1,0,1
5437,0,2,0,4
5438,1,1,1,0
5439,1,1,0,0
5440,1,1,1,1
5441,1,1,1,0
5442,0,1,1,1
5443,0,1,0,1
5444,1,2,1,4
5445,0,2,0,4
5446,0,1,1,1
5447,1,1,1,3
5448,1,1,1,3
5449,1,1,1,0
5450,1,1,2,0
5451,1,1,1,1
5452,1,1,1,1
5453,0,1,0,0
5454,1,0,1,0
5455,1,1,1,1
5456,0,1,1,1
5457,1,1,1,2
5458,1,0,1,0
5459,1,1,0,3
5460,1,1,1,1
5461,1,0,1,3
5462,0,0,1,2
5463,1,0,1,0
5464,1,0,1,2
5465,1,0,1,1
5466,0,1,0,4
5467,1,0,1,0
5468,1,0,1,3
5469,1,1,0,1
5470,1,1,0,1
5471,0,1,0,3
5472,0,2,1,4
5473,1,1,0,0
5474,1,1,1,1
5475,0,1,1,1
5476,0,1,1,1
5477,1,1,0,1
5478,0,1,1,1
5479,1,1,1,1
5480,0,1,0,1
5481,1,2,1,4
5482,1,1,0,1
5483,1,1,1,1
5484,0,1,1,1
5485,0,1,0,4
5486,1,1,1,1
5487,1,1,1,1
5488,1,1,1,2
5489,1,1,0,3
5490,0,1,1,3
5491,1,2,0,1
5492,1,1,0,4
5493,1,1,0,4
5494,1,1,1,2
5495,0,1,2,3
5496,1,1,0,0
5497,0,1,0,1
5498,1,1,0,1
5499,1,1,0,0
5500,0,1,0,0
5501,1,1,0,1
5502,1,1,0,1
5503,1,1,0,1
5504,1,1,0,0
5505,0,1,0,1
5506,1,1,0,1
5507,0,1,1,1
5508,1,1,1,1
5509,1,1,2,1
5510,1,1,1,0
5511,0,1,1,1
5512,1,1,1,1
5513,0,1,1,1
5514,0,1,1,1
5515,1,1,0,1
5516,1,0,1,2
5517,0,1,1,1
5518,1,1,0,1
5519,1,1,0,3
5520,1,1,1,1
5521,0,1,0,1
5522,1,1,0,3
5523,0,1,2,2
5524,1,2,0,3
5525,0,2,0,4
5526,1,1,2,2
5527,1,1,0,0
5528,1,1,0,3
5529,0,1,0,0
5530,1,1,1,3
5531,1,1,1,2
5532,1,1,0,1
5533,0,1,0,3
5534,0,1,0,3
5535,0,2,1,4
5536,1,1,0,1
5537,1,1,0,3
5538,0,1,1,2
5539,0,1,1,1
5540,1,1,0,1
5541,1,1,1,1
5542,0,1,0,1
5543,0,2,1,1
5544,1,1,0,1
5545,1,1,0,1
5546,1,1,0,0
5547,1,1,0,4
5548,1,1,0,4
5549,0,1,1,1
5550,0,1,1,0
5551,1,2,0,1
5552,1,1,0,1
5553,1,1,1,2
5554,0,1,0,4
5555,1,1,1,1
5556,0,1,0,2
5557,1,1,1,2
5558,0,1,1,1
5559,1,1,1,1
5560,1,1,0,1
5561,1,1,1,3
5562,1,1,0,2
5563,0,1,1,0
5564,0,1,0,1
5565,0,1,0,1
5566,1,1,1,1
5567,0,2,0,4
5568,0,1,0,1
5569,1,1,0,1
5570,1,2,0,1
5571,0,1,1,1
5572,0,1,0,1
5573,0,1,0,1
5574,0,1,1,0
5575,1,1,0,2
5576,1,0,1,1
5577,1,1,1,2
5578,1,1,0,2
5579,0,2,0,4
5580,0,1,0,1
5581,1,2,0,4
5582,1,2,0,4
5583,1,1,0,1
5584,0,2,0,4
5585,1,1,0,1
5586,0,2,0,4
5587,1,1,0,1
5588,1,2,0,0
5589,1,1,1,1
5590,0,1,1,2
5591,1,1,1,0
5592,1,1,1,0
5593,0,1,1,1
5594,0,1,0,1
5595,1,1,1,1
5596,1,1,1,0
5597,0,1,1,1
5598,0,1,0,1
5599,1,1,1,1
5600,1,1,1,0
5601,0,1,1,0
5602,0,0,1,0
5603,1,1,1,0
5604,0,1,1,0
5605,0,1,0,1
5606,1,1,1,0
5607,0,1,0,1
5608,0,2,0,3
5609,1,1,1,2
5610,1,1,1,0
5611,1,1,1,0
5612,0,1,0,1
5613,0,1,1,1
5614,0,1,0,0
5615,0,1,0,1
5616,0,2,1,4
5617,1,1,1,1
5618,1,0,1,0
5619,1,1,1,1
5620,0,1,0,0
5621,1,0,2,1
5622,1,1,1,1
5623,0,1,0,1
5624,1,1,0,0
5625,0,2,0,4
5626,1,1,0,1
5627,1,1,1,1
5628,0,2,0,4
5629,1,1,0,1
5630,0,1,0,1
5631,0,1,0,1
5632,1,1,1,1
5633,1,1,0,1
5634,0,1,0,1
5635,0,1,1,1
5636,0,1,1,1
5637,1,1,0,0
5638,0,1,1,1
5639,0,2,0,4
5640,1,1,1,0
5641,1,1,0,0
5642,0,1,0,0
5643,0,1,1,1
5644,1,1,0,1
5645,0,1,0,1
5646,1,1,1,0
5647,0,1,1,1
5648,0,1,0,1
5649,1,1,1,0
5650,0,1,1,0
5651,1,1,0,1
5652,1,1,1,4
5653,0,1,0,1
5654,1,1,1,1
5655,1,1,1,1
5656,0,1,1,0
5657,1,1,2,1
5658,1,2,0,1
5659,0,1,0,1
5660,1,1,0,1
5661,1,1,0,1
5662,0,1,0,1
5663,1,1,0,2
5664,1,1,0,1
5665,1,1,0,0
5666,0,1,1,1
5667,0,1,0,1
5668,1,1,0,1
5669,1,1,0,0
5670,1,0,0,1
5671,0,1,0,1
5672,1,1,0,1
5673,0,0,0,1
5674,0,1,0,1
5675,1,1,0,0
5676,1,1,0,4
5677,0,1,0,0
5678,1,1,0,1
5679,1,0,0,1
5680,0,1,0,0
5681,1,1,0,1
5682,1,1,0,4
5683,1,1,1,1
5684,1,1,0,0
5685,0,1,2,0
5686,1,1,1,0
5687,1,1,0,1
5688,0,2,0,2
5689,1,1,1,1
5690,1,1,0,1
5691,1,1,1,3
5692,0,1,0,1
5693,0,1,0,0
5694,1,1,1,0
5695,1,1,1,3
5696,0,1,2,2
5697,1,1,1,2
5698,0,1,1,1
5699,0,1,1,1
5700,1,1,0,1
5701,1,1,0,1
5702,0,1,1,1
5703,1,1,1,1
5704,1,1,0,1
5705,0,1,1,1
5706,1,1,0,3
5707,1,1,0,3
5708,1,1,1,2
5709,1,1,1,1
5710,1,1,0,0
5711,0,1,1,0
5712,1,1,2,0
5713,0,2,1,4
5714,1,1,1,0
5715,1,1,0,0
5716,0,2,0,1
5717,1,1,0,1
5718,1,1,0,0
5719,0,2,1,1
5720,0,1,0,1
5721,1,1,1,2
5722,1,1,0,0
5723,1,1,1,1
5724,1,1,1,0
5725,1,1,1,0
5726,1,1,1,2
5727,1,1,1,1
5728,0,1,1,0
5729,1,1,1,1
5730,1,1,1,2
5731,0,1,1,2
5732,0,1,1,1
5733,1,1,1,1
5734,0,1,0,1
5735,1,1,0,1
5736,0,1,0,4
5737,1,1,0,3
5738,0,1,1,1
5739,0,1,1,0
5740,1,1,1,2
5741,1,1,0,1
5742,1,1,0,1
5743,0,1,0,3
5744,0,1,1,1
5745,0,2,0,4
5746,0,1,1,1
5747,1,1,0,1
5748,1,1,1,1
5749,1,1,1,2
5750,0,1,0,1
5751,0,2,1,2
5752,1,1,1,1
5753,1,1,0,0
5754,1,1,0,2
5755,0,1,0,2
5756,0,1,0,1
5757,0,1,1,2
5758,1,2,0,1
5759,1,1,1,0
5760,1,1,0,2
5761,1,1,0,1
5762,1,0,2,3
5763,0,1,1,1
5764,1,1,1,1
5765,0,2,1,4
5766,1,2,0,4
5767,0,1,2,2
5768,0,1,2,0
5769,1,1,1,0
5770,0,1,1,1
5771,1,1,1,1
5772,0,1,0,0
5773,0,1,1,1
5774,1,1,1,2
5775,0,1,1,1
5776,0,1,0,1
5777,0,2,0,1
5778,0,1,1,1
5779,1,2,1,4
5780,0,1,0,4
5781,1,1,1,1
5782,0,1,2,1
5783,1,1,1,0
5784,0,2,0,4
5785,1,1,1,2
5786,0,2,0,4
5787,0,1,0,4
5788,0,1,0,1
5789,0,1,1,1
5790,0,1,1,0
5791,1,1,0,1
5792,0,2,0,4
5793,1,1,0,2
5794,0,1,0,2
5795,0,2,1,1
5796,0,1,1,0
5797,1,2,0,2
5798,1,1,0,4
5799,0,2,1,4
5800,0,1,0,3
5801,1,2,1,4
5802,1,2,0,4
5803,0,1,1,1
5804,0,1,0,3
5805,1,1,1,2
5806,1,1,1,1
5807,0,1,1,1
5808,0,2,2,4
5809,0,1,1,0
5810,0,0,1,0
5811,1,1,1,1
5812,1,1,1,2
5813,1,1,1,0
5814,1,1,1,2
5815,1,1,1,2
5816,1,1,1,1
5817,0,1,0,3
5818,0,1,0,1
5819,1,1,1,1
5820,0,1,0,0
5821,0,1,0,1
5822,1,1,1,1
5823,1,1,0,1
5824,0,1,0,1
5825,1,1,1,2
5826,0,1,1,2
5827,0,1,0,0
5828,1,1,1,1
5829,0,1,0,0
5830,0,1,1,0
5831,1,1,1,1
5832,0,1,1,1
5833,1,1,0,1
5834,1,1,0,1
5835,0,1,1,1
5836,1,0,1,3
5837,0,1,1,1
5838,0,1,2,1
5839,1,1,0,1
5840,0,1,0,2
5841,0,1,2,1
5842,1,2,1,4
5843,0,1,0,4
5844,1,1,1,0
5845,1,1,0,2
5846,1,1,0,3
5847,0,1,0,3
5848,0,1,0,1
5849,0,1,0,4
5850,1,1,0,0
5851,1,1,0,1
5852,1,1,1,1
5853,0,1,0,3
5854,1,1,1,1
5855,0,1,1,3
5856,1,2,0,4
5857,0,1,1,1
5858,0,1,0,1
5859,1,1,0,3
5860,0,0,2,2
5861,1,1,0,3
5862,0,1,0,1
5863,1,1,2,0
5864,1,1,0,3
5865,0,1,0,4
5866,0,1,0,2
5867,0,1,1,3
5868,1,1,0,2
5869,0,1,0,1
5870,1,0,0,1
5871,0,1,0,3
5872,1,0,2,3
5873,0,0,2,3
5874,1,1,0,4
5875,0,0,0,1
5876,0,1,1,3
5877,1,1,0,1
5878,1,2,0,4
5879,0,1,1,1
5880,1,1,1,1
5881,0,0,1,2
5882,1,0,1,2
5883,0,2,0,4
5884,1,1,0,1
5885,0,1,1,0
5886,0,1,0,0
5887,0,1,0,3
5888,1,1,0,1
5889,1,1,0,1
5890,0,0,1,0
5891,1,1,1,3
5892,1,1,1,1
5893,0,1,1,0
5894,1,1,1,1
5895,1,1,0,1
5896,1,1,0,1
5897,1,1,0,1
5898,1,1,0,2
5899,1,1,0,1
5900,0,2,0,4
5901,1,1,0,1
5902,0,1,1,0
5903,0,1,1,1
5904,0,1,1,0
5905,1,1,1,2
5906,1,1,1,0
5907,0,1,1,1
5908,0,2,0,4
5909,0,1,0,0
5910,1,1,1,1
5911,1,1,0,1
5912,1,2,0,4
5913,1,1,0,4
5914,0,1,0,1
5915,0,2,1,4
5916,0,2,1,1
5917,0,1,1,3
5918,1,1,1,1
5919,0,2,1,4
5920,1,2,1,1
5921,0,1,0,0
5922,1,1,1,1
5923,0,2,1,1
5924,1,1,1,1
5925,1,1,1,0
5926,0,1,1,1
5927,1,1,1,1
5928,0,1,1,0
5929,1,2,1,4
5930,1,2,2,4
5931,0,1,0,0
5932,1,1,0,4
5933,0,1,1,1
5934,1,1,1,0
5935,1,2,1,4
5936,1,1,1,0
5937,1,1,0,3
5938,1,1,1,0
5939,0,1,1,1
5940,0,1,1,0
5941,1,1,1,1
5942,1,1,1,1
5943,0,2,0,4
5944,1,1,0,1
5945,0,0,1,0
5946,1,0,1,1
5947,1,1,1,1
5948,1,1,1,0
5949,1,1,1,1
5950,1,2,0,4
5951,1,1,1,2
5952,0,1,2,4
5953,0,1,1,3
5954,0,1,1,1
5955,1,1,0,1
5956,0,2,0,4
5957,1,1,1,1
5958,0,1,1,1
5959,1,2,0,4
5960,0,1,0,1
5961,1,1,1,1
5962,0,1,0,1
5963,1,1,0,1
5964,0,1,0,0
5965,0,1,1,1
5966,0,1,1,0
5967,1,1,0,4
5968,0,1,0,1
5969,1,1,0,1
5970,1,1,0,4
5971,1,1,0,1
5972,1,2,0,4
5973,1,1,1,0
5974,0,1,0,1
5975,0,1,1,4
5976,0,1,0,1
5977,1,1,0,1
5978,0,1,0,1
5979,1,1,1,4
5980,0,1,0,1
5981,1,1,1,1
5982,1,1,1,1
5983,1,1,1,0
5984,0,1,1,1
5985,1,1,1,1
5986,1,1,1,1
5987,0,1,1,1
5988,1,1,0,2
5989,1,1,0,2
5990,0,1,1,1
5991,1,1,1,1
5992,1,1,1,2
5993,1,1,1,1
5994,0,1,0,1
5995,0,1,0,4
5996,0,1,1,1
5997,0,2,2,4
5998,1,1,1,1
5999,1,1,2,2
6000,1,1,1,1
6001,0,1,2,1
6002,1,1,2,1
6003,0,2,1,4
6004,0,1,2,1
6005,1,1,1,1
6006,0,1,0,1
6007,1,1,0,1
6008,1,2,0,1
6009,1,1,1,2
6010,1,1,1,0
6011,1,1,1,1
6012,0,1,1,1
6013,0,1,2,0
6014,0,1,1,3
6015,0,1,1,4
6016,0,1,1,1
6017,0,1,1,1
6018,1,1,1,0
6019,1,1,1,0
6020,1,1,1,1
6021,1,1,1,1
6022,1,1,2,1
6023,0,1,1,1
6024,1,1,1,0
6025,0,1,1,1
6026,1,1,1,1
6027,0,1,1,0
6028,1,1,1,0
6029,1,1,1,3
6030,0,1,1,0
6031,0,1,0,0
6032,0,1,0,1
6033,1,1,1,3
6034,1,1,0,1
6035,1,1,0,0
6036,1,1,1,1
6037,1,2,1,3
6038,1,1,1,0
6039,1,1,1,4
6040,0,1,1,0
6041,1,1,1,0
6042,0,1,1,0
6043,0,1,1,4
6044,1,1,1,1
6045,0,1,1,0
6046,1,1,1,1
6047,1,1,1,1
6048,1,1,1,2
6049,1,1,0,3
6050,0,1,0,0
6051,1,1,0,3
6052,1,1,0,0
6053,1,1,0,1
6054,1,1,0,2
6055,0,1,0,4
6056,1,1,0,0
6057,1,1,1,1
6058,0,1,1,1
6059,0,2,0,4
6060,1,1,1,0
6061,1,1,1,0
6062,0,1,0,4
6063,1,1,1,2
6064,0,1,1,1
6065,0,2,1,0
6066,0,1,0,1
6067,1,1,0,3
6068,0,1,0,1
6069,1,1,0,1
6070,1,1,0,3
6071,0,1,1,1
6072,0,1,0,0
6073,0,1,1,2
6074,0,1,1,2
6075,0,2,0,3
6076,0,1,1,1
6077,1,1,1,0
6078,0,1,0,0
6079,1,1,1,1
6080,1,1,1,2
6081,1,2,0,2
6082,0,1,0,1
6083,0,1,0,1
6084,1,1,1,2
6085,1,1,0,0
6086,0,1,0,4
6087,0,1,1,2
6088,1,1,0,2
6089,0,1,1,1
6090,1,1,1,2
6091,1,1,0,1
6092,0,1,0,1
6093,0,1,0,1
6094,0,1,0,3
6095,1,1,0,1
6096,1,1,1,2
6097,0,1,1,1
6098,1,1,0,4
6099,1,0,1,0
6100,1,1,1,1
6101,1,1,1,1
6102,1,1,1,0
6103,1,1,0,1
6104,1,1,1,1
6105,0,1,1,0
6106,1,1,1,1
6107,1,1,0,3
6108,1,1,0,1
6109,1,1,1,3
6110,0,2,1,2
6111,1,1,1,1
6112,0,1,1,1
6113,0,1,1,1
6114,1,1,1,2
6115,0,1,1,2
6116,1,1,1,0
6117,1,0,1,0
6118,1,1,1,1
6119,1,1,0,0
6120,0,1,1,1
6121,1,1,1,1
6122,0,1,1,1
6123,1,1,1,0
6124,0,1,1,1
6125,0,1,0,0
6126,0,1,1,1
6127,0,1,1,0
6128,1,1,1,1
6129,1,1,1,2
6130,0,1,1,0
6131,1,1,1,4
6132,1,1,1,1
6133,0,1,1,1
6134,1,1,2,1
6135,0,1,0,0
6136,0,1,0,2
6137,1,1,1,1
6138,1,1,1,1
6139,0,1,0,1
6140,0,1,1,1
6141,1,0,2,0
6142,1,1,1,0
6143,1,1,0,2
6144,1,1,0,3
6145,1,0,1,0
6146,0,2,0,1
6147,1,1,1,0
6148,1,1,1,1
6149,0,1,1,2
6150,1,1,0,1
6151,0,2,1,4
6152,1,1,2,2
6153,1,1,0,1
6154,0,1,1,0
6155,0,1,1,1
6156,0,1,0,1
6157,1,1,0,0
6158,1,1,0,0
6159,1,1,0,1
6160,0,1,1,0
6161,0,1,0,1
6162,0,1,1,1
6163,0,1,1,0
6164,1,2,1,4
6165,0,1,1,1
6166,1,1,0,1
6167,0,1,1,1
6168,0,1,1,0
6169,0,1,1,1
6170,0,1,1,2
6171,1,1,1,1
6172,1,1,1,2
6173,0,1,1,3
6174,0,1,0,1
6175,0,1,0,2
6176,0,1,0,2
6177,1,1,1,0
6178,0,2,0,4
6179,1,0,0,3
6180,0,1,2,0
6181,1,1,1,2
6182,0,1,2,1
6183,1,0,0,1
6184,0,1,0,4
6185,1,1,2,1
6186,1,1,0,3
6187,1,1,1,0
6188,1,2,1,1
6189,1,1,0,1
6190,0,1,1,0
6191,1,1,0,2
6192,1,1,1,2
6193,0,1,1,1
6194,1,1,0,1
6195,0,1,0,4
6196,1,1,1,2
6197,0,1,2,0
6198,0,1,1,2
6199,0,1,2,3
6200,1,1,1,1
6201,0,1,0,1
6202,0,1,1,0
6203,1,1,2,4
6204,1,1,1,1
6205,1,2,0,4
6206,0,1,0,4
6207,0,1,1,1
6208,1,1,1,2
6209,1,1,2,0
6210,0,1,1,1
6211,0,1,2,1
6212,1,1,2,1
6213,1,1,0,1
6214,1,1,1,4
6215,1,1,0,2
6216,1,1,0,2
6217,0,2,1,4
6218,1,1,1,1
6219,0,1,0,0
6220,1,0,0,1
6221,0,1,0,0
6222,1,1,0,4
6223,1,1,0,1
6224,0,1,0,1
6225,0,1,0,1
6226,0,1,1,3
6227,1,1,1,1
6228,1,1,2,1
6229,1,1,0,1
6230,0,1,1,0
6231,1,1,0,1
6232,0,1,1,0
6233,1,1,2,1
6234,1,1,1,0
6235,1,1,1,1
6236,1,1,1,4
6237,0,1,1,1
6238,0,1,1,0
6239,0,1,1,1
6240,0,1,0,3
6241,1,1,0,2
6242,0,1,1,0
6243,0,1,0,0
6244,1,1,1,1
6245,0,1,0,0
6246,1,1,1,1
6247,0,1,1,1
6248,0,2,0,1
6249,1,1,1,1
6250,1,1,1,1
6251,0,1,1,0
6252,0,1,1,1
6253,0,1,0,4
6254,0,1,0,0
6255,0,1,0,2
6256,1,1,0,1
6257,1,1,0,3
6258,1,1,0,1
6259,0,1,0,3
6260,0,1,0,3
6261,0,1,0,0
6262,1,1,0,1
6263,1,1,0,1
6264,0,1,0,4
6265,1,1,0,1
6266,1,1,0,1
6267,0,1,0,2
6268,1,1,1,1
6269,1,1,1,0
6270,1,1,1,2
6271,1,1,0,1
6272,0,2,0,4
6273,1,1,1,1
6274,1,1,1,1
6275,0,1,1,0
6276,1,1,1,1
6277,0,1,1,1
6278,0,1,1,1
6279,0,1,1,0
6280,1,1,1,1
6281,1,1,0,1
6282,0,1,1,1
6283,0,1,2,1
6284,1,2,1,4
6285,1,2,0,4
6286,1,1,0,1
6287,0,1,0,1
6288,1,1,0,1
6289,0,1,0,3
6290,1,1,0,1
6291,1,0,2,0
6292,0,1,0,1
6293,1,1,0,1
6294,1,1,0,1
6295,0,1,1,0
6296,0,1,0,0
6297,1,1,1,0
6298,1,1,1,1
6299,0,1,1,0
6300,0,2,0,4
6301,0,1,0,3
6302,0,2,0,4
6303,1,2,0,4
6304,0,1,1,1
6305,1,1,1,1
6306,1,2,1,4
6307,1,1,1,1
6308,0,2,0,4
6309,0,1,0,1
6310,0,1,1,1
6311,1,1,0,1
6312,1,1,1,1
6313,1,1,0,1
6314,0,1,1,1
6315,1,1,0,1
6316,0,1,0,1
6317,1,1,1,2
6318,1,1,0,0
6319,1,1,0,1
6320,0,1,0,1
6321,1,1,1,0
6322,1,0,0,0
6323,1,1,0,1
6324,0,1,1,1
6325,1,1,0,4
6326,1,0,1,1
6327,1,1,1,1
6328,0,1,2,1
6329,0,0,2,1
6330,1,1,0,1
6331,0,1,1,1
6332,0,1,2,1
6333,0,1,0,1
6334,1,1,1,1
6335,0,1,1,1
6336,0,1,0,1
6337,0,2,1,1
6338,0,1,1,0
6339,0,1,1,0
6340,1,0,1,1
6341,1,0,1,1
6342,1,0,0,1
6343,1,0,1,1
6344,0,1,1,1
6345,1,1,1,2
6346,1,1,1,1
6347,0,1,0,1
6348,0,1,0,1
6349,1,1,0,1
6350,0,2,1,3
6351,0,2,1,4
6352,1,1,2,1
6353,1,1,0,3
6354,1,2,1,3
6355,1,1,0,1
6356,0,1,0,1
6357,1,2,1,1
6358,1,1,1,1
6359,1,1,1,1
6360,1,1,1,0
6361,0,1,0,0
6362,1,1,1,0
6363,0,1,0,0
6364,1,1,1,1
6365,0,1,1,0
6366,0,1,1,0
6367,0,1,1,0
6368,0,1,0,1
6369,0,1,1,1
6370,1,1,0,1
6371,0,1,1,0
6372,1,1,1,2
6373,0,1,1,1
6374,1,0,1,0
6375,1,1,1,1
6376,0,1,1,1
6377,1,1,1,0
6378,0,1,1,0
6379,1,1,0,0
6380,0,1,0,3
6381,1,1,0,0
6382,0,1,0,3
6383,1,2,0,3
6384,0,1,0,3
6385,1,1,0,3
6386,0,1,0,3
6387,1,1,0,3
6388,0,1,0,3
6389,1,1,0,3
6390,0,1,0,3
6391,1,2,0,3
6392,1,1,0,3
6393,1,2,0,3
6394,0,1,0,0
6395,0,2,0,3
6396,0,1,1,0
6397,1,1,2,0
6398,1,1,1,1
6399,1,1,1,1
6400,1,1,0,1
6401,1,1,2,1
6402,1,1,0,1
6403,1,1,0,1
6404,1,1,0,1
6405,0,1,0,1
6406,0,1,0,1
6407,0,1,0,1
6408,0,1,0,0
6409,0,1,0,1
6410,0,1,0,0
6411,1,1,0,1
6412,1,1,1,4
6413,0,1,0,0
6414,1,1,1,2
6415,0,1,1,0
6416,0,1,2,1
6417,0,1,0,1
6418,1,1,1,1
6419,1,1,1,1
6420,1,0,2,0
6421,0,1,1,1
6422,1,1,0,1
6423,0,1,0,4
6424,1,1,0,0
6425,1,1,0,2
6426,1,1,1,0
6427,0,1,1,1
6428,1,1,1,2
6429,0,1,1,0
6430,0,1,2,1
6431,0,2,0,3
6432,1,1,0,0
6433,0,0,0,1
6434,0,2,1,4
6435,1,1,1,2
6436,0,0,2,1
6437,0,1,1,2
6438,0,1,1,0
6439,0,2,1,4
6440,1,1,0,1
6441,0,1,1,0
6442,1,1,0,0
6443,1,1,1,1
6444,1,2,0,3
6445,1,1,0,0
6446,0,1,0,0
6447,0,2,0,4
6448,1,1,1,1
6449,1,1,1,1
6450,1,1,1,4
6451,1,1,1,1
6452,1,1,1,1
6453,1,1,1,1
6454,0,1,1,3
6455,0,1,1,1
6456,0,1,1,0
6457,0,1,1,1
6458,0,1,0,0
6459,1,1,2,1
6460,0,1,1,1
6461,0,1,2,2
6462,1,0,0,2
6463,0,1,1,3
6464,0,1,2,2
6465,0,1,1,1
6466,1,1,0,1
6467,0,1,2,1
6468,0,1,1,0
6469,1,1,0,1
6470,0,1,1,1
6471,1,1,1,1
6472,0,1,1,1
6473,0,0,1,1
6474,1,1,1,1
6475,1,1,0,1
6476,0,1,1,3
6477,1,0,1,1
6478,1,0,1,1
6479,1,1,0,1
6480,1,1,1,0
6481,1,1,1,2
6482,0,2,0,4
6483,1,2,1,1
6484,0,1,1,1
6485,1,1,2,1
6486,1,1,1,1
6487,0,1,1,1
6488,1,1,0,0
6489,1,1,1,0
6490,0,2,0,4
6491,0,1,0,0
6492,0,1,1,0
6493,1,0,1,1
6494,0,1,1,3
6495,1,1,1,1
6496,0,1,0,2
6497,0,1,0,1
6498,0,1,0,1
6499,0,0,1,0
6500,1,1,0,1
6501,1,0,1,0
6502,1,1,0,1
6503,0,0,1,1
6504,1,1,0,1
6505,1,0,1,3
6506,0,2,0,1
6507,1,0,1,1
6508,1,1,0,1
6509,1,1,1,1
6510,1,1,0,2
6511,1,1,0,2
6512,1,1,0,1
6513,1,0,1,1
6514,0,1,0,2
6515,0,1,0,3
6516,1,2,0,4
6517,0,1,0,1
6518,0,1,0,1
6519,0,0,0,3
6520,0,1,0,0
6521,1,2,1,4
6522,1,1,0,2
6523,1,1,1,1
6524,0,1,1,1
6525,1,1,1,1
6526,1,1,1,1
6527,0,1,0,4
6528,1,1,1,1
6529,1,1,0,1
6530,0,1,1,0
6531,1,1,0,1
6532,1,1,0,1
6533,0,2,0,4
6534,1,1,0,1
6535,1,1,1,2
6536,1,1,1,1
6537,0,1,1,1
6538,1,2,1,4
6539,1,1,2,2
6540,1,1,1,1
6541,0,1,0,1
6542,1,1,1,1
6543,1,1,1,1
6544,0,1,0,1
6545,0,1,1,3
6546,0,1,1,3
6547,1,1,0,1
6548,1,1,0,3
6549,1,1,0,0
6550,1,2,0,4
6551,1,2,0,4
6552,1,1,0,1
6553,0,1,0,3
6554,0,1,0,1
6555,1,1,0,4
6556,1,1,0,1
6557,1,0,1,1
6558,0,1,0,1
6559,0,1,0,1
6560,0,1,0,1
6561,0,1,2,0
6562,1,1,0,1
6563,0,1,1,1
6564,0,1,0,1
6565,0,1,0,0
6566,0,0,1,1
6567,0,1,1,0
6568,0,1,0,1
6569,0,1,0,4
6570,1,2,0,1
6571,1,1,1,0
6572,0,1,0,1
6573,1,2,0,4
6574,0,1,1,1
6575,1,1,1,0
6576,0,1,1,0
6577,1,1,1,2
6578,0,1,1,0
6579,1,2,1,1
6580,1,1,0,3
6581,1,1,1,1
6582,0,0,1,0
6583,0,1,1,0
6584,1,1,0,1
6585,0,1,0,1
6586,1,1,0,1
6587,1,1,0,0
6588,1,1,0,1
6589,1,1,0,1
6590,1,1,0,1
6591,1,0,0,0
6592,0,1,0,1
6593,1,1,0,0
6594,0,1,0,1
6595,1,1,0,1
6596,1,1,0,1
6597,0,1,0,0
6598,0,1,0,1
6599,1,1,0,1
6600,1,1,0,0
6601,1,1,0,0
6602,1,1,1,1
6603,1,1,0,0
6604,1,1,1,1
6605,1,1,1,1
6606,1,1,1,1
6607,1,1,0,3
6608,1,1,1,1
6609,0,1,1,1
6610,0,1,0,1
6611,0,1,1,4
6612,0,1,0,0
6613,0,1,1,1
6614,0,1,1,1
6615,1,1,1,1
6616,1,1,1,1
6617,1,1,1,1
6618,0,1,1,1
6619,1,1,1,3
6620,0,1,1,1
6621,0,1,0,1
6622,1,1,1,1
6623,1,1,0,1
6624,0,1,1,1
6625,0,1,0,3
6626,0,1,1,1
6627,0,2,0,4
6628,1,0,1,0
6629,1,1,1,1
6630,1,1,0,0
6631,1,1,1,4
6632,0,1,1,1
6633,1,1,0,0
6634,1,1,1,0
6635,0,1,1,0
6636,0,1,0,1
6637,0,1,0,1
6638,0,1,0,1
6639,1,1,0,3
6640,1,1,0,1
6641,1,1,0,0
6642,0,1,1,1
6643,0,1,0,1
6644,1,1,0,1
6645,1,1,0,2
6646,0,1,0,1
6647,1,1,0,1
6648,1,1,0,1
6649,0,1,0,1
6650,0,1,0,1
6651,1,1,0,1
6652,1,1,0,1
6653,1,1,0,1
6654,1,2,0,1
6655,1,1,0,1
6656,1,1,0,1
6657,1,0,0,1
6658,0,2,0,1
6659,1,1,1,1
6660,0,0,1,2
6661,0,1,0,1
6662,0,2,1,2
6663,0,1,0,1
6664,0,1,0,2
6665,1,2,1,1
6666,1,2,0,2
6667,0,0,1,0
6668,1,1,0,2
6669,1,1,0,1
6670,0,1,1,1
6671,1,1,1,1
6672,0,1,1,1
6673,1,1,1,2
6674,0,1,1,1
6675,1,1,1,2
6676,1,1,1,1
6677,0,1,1,1
6678,1,1,1,2
6679,0,1,1,1
6680,1,1,1,1
6681,0,1,1,1
6682,0,1,1,4
6683,1,1,0,1
6684,0,1,2,1
6685,0,1,1,1
6686,1,1,2,1
6687,0,1,2,1
6688,0,1,2,0
6689,0,1,2,0
6690,1,1,2,1
6691,0,1,2,1
6692,1,1,1,1
6693,1,1,2,1
6694,1,1,1,0
6695,0,1,1,1
6696,1,1,1,0
6697,1,1,0,2
6698,0,1,0,3
6699,1,1,1,1
6700,0,1,0,1
6701,1,1,0,2
6702,0,1,1,4
6703,1,1,0,1
6704,0,1,1,0
6705,0,1,0,0
6706,0,1,0,1
6707,1,1,1,0
6708,0,1,1,1
6709,0,2,1,4
6710,1,1,1,3
6711,0,1,1,1
6712,1,1,1,1
6713,1,1,1,2
6714,0,2,1,4
6715,1,1,1,3
6716,1,1,1,2
6717,0,1,2,1
6718,1,1,0,2
6719,0,1,0,1
6720,0,1,0,1
6721,1,1,0,1
6722,0,1,1,1
6723,1,1,1,1
6724,0,1,0,2
6725,1,1,1,0
6726,0,1,1,1
6727,1,2,0,1
6728,1,2,1,4
6729,0,1,1,0
6730,0,1,0,1
6731,0,1,1,1
6732,1,1,1,0
6733,1,2,1,1
6734,0,1,0,1
6735,0,1,1,1
6736,1,1,1,1
6737,1,1,1,1
6738,0,1,0,0
6739,1,1,0,1
6740,0,1,0,0
6741,0,2,0,4
6742,0,1,0,4
6743,1,1,0,1
6744,1,1,0,2
6745,0,1,0,1
6746,1,1,0,1
6747,1,1,0,4
6748,1,1,0,0
6749,1,0,1,3
6750,0,1,1,4
6751,1,0,2,3
6752,1,0,1,2
6753,1,0,1,1
6754,0,0,1,1
6755,0,0,2,2
6756,0,0,1,0
6757,1,0,1,0
6758,1,0,1,3
6759,0,1,2,3
6760,1,1,1,3
6761,0,1,1,3
6762,0,1,1,0
6763,1,1,0,1
6764,1,1,1,1
6765,0,1,1,0
6766,0,1,1,1
6767,0,2,1,3
6768,0,1,1,1
6769,1,1,1,1
6770,1,1,0,0
6771,1,1,1,0
6772,0,1,1,3
6773,1,1,0,0
6774,1,2,0,2
6775,1,1,1,1
6776,1,1,0,1
6777,1,1,1,0
6778,0,1,0,0
6779,1,1,0,0
6780,0,1,0,0
6781,0,1,0,1
6782,0,1,1,1
6783,1,1,1,1
6784,1,1,1,1
6785,0,1,1,0
6786,0,1,0,1
6787,1,1,0,1
6788,1,1,1,3
6789,0,1,0,1
6790,1,0,1,0
6791,1,0,1,1
6792,0,1,0,2
6793,0,1,0,2
6794,1,1,0,1
6795,1,1,0,0
6796,1,1,0,0
6797,0,1,0,0
6798,1,1,0,3
6799,0,1,0,1
6800,1,1,0,1
6801,1,1,0,1
6802,1,1,0,3
6803,1,1,0,1
6804,0,1,0,1
6805,1,1,0,2
6806,1,1,0,1
6807,0,1,0,1
6808,1,1,0,1
6809,1,1,0,1
6810,1,1,0,0
6811,1,1,0,1
6812,1,2,0,1
6813,0,1,1,2
6814,1,1,1,4
6815,1,1,1,1
6816,1,1,0,4
6817,0,1,1,1
6818,1,1,1,4
6819,1,1,0,1
6820,1,1,1,2
6821,1,1,0,0
6822,0,1,1,4
6823,1,1,1,1
6824,0,1,1,0
6825,1,1,0,1
6826,0,1,2,1
6827,1,1,0,4
6828,0,1,0,1
6829,0,1,2,0
6830,1,1,0,1
6831,1,1,2,1
6832,1,0,1,1
6833,0,1,0,0
6834,0,0,2,1
6835,1,1,1,1
6836,1,1,1,1
6837,1,1,1,1
6838,1,1,1,0
6839,1,1,1,1
6840,1,1,1,1
6841,0,2,1,3
6842,0,1,0,0
6843,0,1,0,1
6844,1,1,1,1
6845,0,1,1,1
6846,0,1,0,0
6847,0,1,0,1
6848,1,1,2,2
6849,0,1,1,1
6850,0,1,0,1
6851,0,2,0,1
6852,1,1,0,0
6853,0,1,1,0
6854,0,1,1,1
6855,1,1,1,4
6856,0,1,1,3
6857,0,1,1,3
6858,1,1,1,1
6859,1,1,1,1
6860,0,1,1,1
6861,1,1,1,0
6862,1,1,1,4
6863,1,1,1,1
6864,0,1,1,4
6865,0,1,1,1
6866,1,1,1,4
6867,1,1,2,4
6868,0,1,0,1
6869,1,1,0,0
6870,0,1,0,1
6871,0,1,0,0
6872,0,2,1,4
6873,0,1,0,0
6874,1,1,0,1
6875,0,1,0,4
6876,0,1,0,1
6877,1,1,0,1
6878,1,1,0,1
6879,1,1,0,0
6880,1,1,0,3
6881,0,1,0,1
6882,1,1,1,1
6883,0,1,1,1
6884,1,1,1,1
6885,1,1,0,1
6886,1,1,1,2
6887,0,1,0,1
6888,0,1,0,1
6889,0,1,0,0
6890,1,1,0,1
6891,1,1,1,0
6892,1,1,0,1
6893,1,1,0,0
6894,1,1,0,1
6895,1,1,0,4
6896,1,1,0,1
6897,0,1,0,4
6898,1,1,1,1
6899,0,1,1,1
6900,0,1,1,0
6901,1,1,1,1
6902,1,1,1,1
6903,1,1,1,1
6904,0,1,1,1
6905,1,0,1,0
6906,0,2,0,4
6907,1,1,1,1
6908,1,1,1,1
6909,0,1,1,1
6910,0,1,1,0
6911,0,1,1,1
6912,1,1,0,2
6913,0,1,1,1
6914,0,1,1,1
6915,0,1,1,1
6916,1,1,1,1
6917,1,1,0,1
6918,0,1,1,3
6919,1,1,1,1
6920,1,1,0,2
6921,0,1,1,1
6922,1,1,1,1
6923,1,1,1,1
6924,0,2,0,4
6925,1,1,0,4
6926,1,1,1,1
6927,0,1,0,1
6928,1,1,1,1
6929,1,1,0,0
6930,0,1,1,1
6931,0,1,1,0
6932,0,1,1,1
6933,1,1,0,1
6934,0,1,1,1
6935,1,0,2,0
6936,1,1,1,0
6937,0,1,1,1
6938,1,1,0,0
6939,1,1,1,1
6940,0,1,0,1
6941,1,1,0,1
6942,0,1,0,1
6943,1,1,0,1
6944,1,1,0,1
6945,0,1,0,1
6946,0,1,0,0
6947,1,1,0,1
6948,0,1,0,1
6949,1,1,0,0
6950,1,1,0,1
6951,0,1,0,1
6952,1,1,0,1
6953,0,1,1,1
6954,0,1,0,1
6955,0,2,0,1
6956,0,1,0,1
6957,1,1,1,1
6958,1,1,1,1
6959,1,1,0,1
6960,1,1,0,0
6961,0,1,0,1
6962,1,1,1,1
6963,1,1,0,1
6964,1,1,0,1
6965,0,1,1,1
6966,0,1,1,1
6967,0,1,1,0
6968,0,1,0,1
6969,1,1,0,1
6970,0,1,1,4
6971,0,1,0,3
6972,1,1,0,2
6973,1,2,0,4
6974,1,1,2,1
6975,0,1,0,0
6976,0,1,0,1
6977,1,1,1,1
6978,0,1,0,0
6979,0,1,2,1
6980,1,1,1,3
6981,0,1,2,1
6982,0,1,2,0
6983,1,1,1,1
6984,0,1,1,4
6985,1,1,1,0
6986,1,1,0,1
6987,1,1,0,0
6988,1,1,0,0
6989,1,2,0,4
6990,1,1,0,1
6991,1,1,0,1
6992,0,1,0,4
6993,1,1,0,0
6994,0,1,0,0
6995,0,1,0,4
6996,0,1,0,1
6997,1,2,0,3
6998,0,1,0,4
6999,1,2,0,3
7000,1,2,0,4
7001,1,2,0,1
7002,1,1,0,1
7003,1,2,0,0
7004,1,1,0,2
7005,1,2,0,4
7006,1,1,0,1
7007,1,2,0,1
7008,1,1,0,0
7009,1,1,1,1
7010,1,2,0,0
7011,0,1,1,0
7012,1,1,0,0
7013,0,1,0,0
7014,1,1,0,0
7015,1,1,0,2
7016,1,2,0,0
7017,0,1,0,0
7018,1,1,1,0
7019,0,0,0,1
7020,1,0,1,0
7021,1,0,1,2
7022,0,1,1,3
7023,1,0,1,1
7024,0,1,0,3
7025,0,1,2,1
7026,1,1,1,2
7027,1,1,0,2
7028,0,1,1,1
7029,0,1,1,1
7030,0,1,1,1
7031,1,2,0,3
7032,1,1,2,1
7033,1,1,0,0
7034,1,1,0,1
7035,1,1,0,1
7036,1,1,0,1
7037,0,0,0,3
7038,0,2,0,1
7039,0,1,1,1
7040,1,1,0,2
7041,0,2,0,1
7042,0,2,0,1
7043,1,1,0,1
7044,1,1,0,1
7045,1,1,0,0
7046,0,1,0,4
7047,1,1,0,0
7048,1,1,1,1
7049,0,1,1,0
7050,0,1,0,0
7051,0,1,0,1
7052,1,1,0,1
7053,0,1,1,0
7054,1,1,1,1
7055,1,1,0,1
7056,0,1,0,0
7057,1,2,0,1
7058,0,2,0,4
7059,1,2,0,4
7060,1,2,0,4
7061,1,1,1,4
7062,0,2,1,4
7063,1,1,1,4
7064,1,1,1,4
7065,1,1,0,4
7066,0,2,0,4
7067,1,1,0,3
7068,0,2,0,4
7069,0,2,0,4
7070,1,1,1,2
7071,1,1,0,3
7072,0,1,1,2
7073,1,1,2,0
7074,0,1,0,1
7075,0,1,1,1
7076,1,2,0,1
7077,0,1,1,1
7078,0,1,0,1
7079,0,1,0,1
7080,0,1,1,1
7081,1,1,1,1
7082,0,2,0,1
7083,1,1,0,1
7084,0,1,1,0
7085,1,1,1,1
7086,0,1,0,1
7087,0,1,1,1
7088,0,2,1,1
7089,1,0,2,0
7090,1,0,2,0
7091,1,0,1,1
7092,1,1,1,0
7093,1,1,1,1
7094,0,1,1,1
7095,0,1,0,2
7096,0,1,1,2
7097,1,1,1,2
7098,0,1,0,1
7099,0,1,1,1
7100,0,1,1,1
7101,1,1,1,1
7102,0,1,1,2
7103,1,1,0,2
7104,0,1,1,0
7105,0,1,1,1
7106,0,1,0,1
7107,0,1,2,1
7108,1,1,2,1
7109,0,1,1,1
7110,0,1,2,1
7111,0,1,2,1
7112,0,1,2,1
7113,0,1,1,1
7114,0,1,1,4
7115,0,1,2,1
7116,0,1,1,1
7117,0,1,1,1
7118,0,1,0,1
7119,0,1,2,1
7120,0,1,1,1
7121,0,1,2,1
7122,1,1,2,1
7123,0,1,1,1
7124,1,1,2,1
7125,0,1,0,1
7126,0,1,2,1
7127,0,1,2,1
7128,0,1,1,3
7129,0,1,1,1
7130,0,1,1,1
7131,0,1,2,1
7132,0,1,1,1
7133,0,1,1,1
7134,0,1,2,1
7135,0,1,0,1
7136,1,1,0,1
7137,0,1,2,1
7138,0,1,1,1
7139,0,1,2,3
7140,1,1,1,1
7141,0,1,0,1
7142,1,1,1,1
7143,0,1,2,2
7144,1,1,2,1
7145,0,1,2,1
7146,1,1,1,1
7147,0,1,2,1
7148,0,1,0,1
7149,1,1,1,1
7150,0,1,1,1
7151,1,1,2,1
7152,1,1,2,1
7153,0,1,2,1
7154,1,1,1,1
7155,0,1,0,1
7156,0,1,2,3
7157,0,1,2,1
7158,0,1,2,1
7159,1,1,2,1
7160,0,1,1,4
7161,1,2,0,3
