,Gender,Age-group,Occupation,Income-Level
6188,1,2,1,1
4266,1,1,8,0
6186,1,1,3,0
4118,0,0,7,2
4872,0,1,2,1
5992,1,1,2,1
1101,1,1,1,0
4039,0,1,7,1
5577,1,1,2,1
6035,1,1,0,0
3922,0,1,2,2
3240,0,1,1,0
577,1,1,1,1
59,0,1,1,1
5214,1,1,1,0
787,1,1,0,1
2728,0,0,7,1
4554,0,1,1,0
2177,0,1,1,0
4231,0,1,8,1
6896,1,1,1,0
6461,0,1,2,2
2131,1,1,0,1
1345,1,1,4,1
1183,1,1,1,2
2034,1,2,0,1
6571,1,1,0,1
2045,0,1,2,1
2173,1,1,1,1
6383,1,2,3,0
6077,1,1,0,1
184,0,1,0,1
5612,0,1,1,0
3909,0,1,7,0
420,0,2,1,0
4998,1,1,0,0
553,1,1,1,1
1397,1,1,2,0
6569,0,1,4,0
1871,0,1,2,1
6036,1,1,1,1
3912,1,1,7,2
4071,1,1,1,0
443,1,1,1,0
2847,0,2,8,0
6989,1,2,4,0
3210,1,1,1,1
4900,1,2,8,0
6014,0,1,3,1
3153,1,2,1,1
1650,1,1,2,1
6665,1,2,1,1
181,0,1,2,1
3666,0,1,3,1
794,1,1,2,1
6449,1,1,1,1
5059,1,1,3,0
6931,0,1,0,1
7125,0,1,1,0
6550,1,2,4,0
4151,0,1,1,1
2304,1,1,2,1
3494,0,1,1,0
2275,0,1,1,1
5180,1,1,2,0
530,1,1,1,1
5548,1,1,4,0
5741,1,1,1,0
710,1,0,3,2
1741,0,1,2,0
1533,1,1,1,0
558,0,1,1,1
6207,0,1,1,1
6185,1,1,1,2
1371,1,1,1,0
5974,0,1,1,0
6742,0,1,4,0
907,1,2,4,1
6899,0,1,1,1
1433,0,1,0,1
3903,0,1,7,0
6074,0,1,2,1
3774,1,1,1,1
3825,1,1,1,1
4028,1,1,1,2
2022,1,1,1,1
2977,1,1,1,0
3916,1,1,2,1
926,0,1,2,1
2578,0,2,6,1
3704,0,1,8,0
4368,0,0,2,1
15,0,1,2,1
6475,1,1,1,0
315,1,1,1,1
6215,1,1,2,0
5090,0,1,1,2
1161,1,1,3,0
4427,0,1,1,0
1755,1,1,2,1
4827,1,1,1,1
1362,0,2,0,0
4697,1,1,3,0
1212,1,1,1,1
4248,1,1,1,1
4402,0,1,1,2
3254,1,1,1,1
5566,1,1,1,1
5954,0,1,1,1
3801,1,1,1,1
1170,1,1,3,0
3217,1,1,1,1
2691,0,1,2,1
2549,0,1,2,1
5871,0,1,3,0
5380,1,2,1,0
1323,1,1,1,1
5849,0,1,4,0
6046,1,1,1,1
2615,0,1,7,1
4982,0,1,1,1
6603,1,1,0,0
4230,0,1,1,1
387,0,1,0,0
4557,0,1,1,0
1032,0,1,2,1
4602,1,1,8,0
4084,1,1,1,1
1905,0,1,0,1
4516,0,1,2,0
6738,0,1,0,0
4442,0,1,5,0
1010,0,1,0,1
6905,1,0,0,1
931,0,1,1,1
4877,0,1,3,0
691,1,0,0,2
533,0,1,1,1
6847,0,1,1,0
2807,0,1,9,0
4940,0,1,1,1
652,0,2,1,0
33,0,0,1,1
4726,0,1,2,0
44,1,1,2,1
3656,0,0,3,1
3109,0,2,1,1
964,0,1,2,1
6708,0,1,1,1
1656,1,1,2,2
7106,0,1,1,0
3235,1,1,1,0
1817,1,1,1,0
4428,0,2,1,0
3722,0,1,1,1
3341,0,1,1,1
5335,0,1,0,1
4391,0,1,8,0
4372,1,1,7,0
26,1,1,0,1
6935,1,0,0,2
63,1,1,1,1
1044,0,0,0,1
6272,0,2,4,0
3274,0,1,1,0
2758,0,1,6,0
1454,0,1,0,1
227,1,1,3,1
2453,0,2,1,1
5060,1,1,1,0
4761,0,1,0,2
7087,0,1,1,1
4500,0,1,2,0
3684,1,0,2,1
5119,1,1,1,1
969,1,1,0,1
4684,1,1,1,0
2318,1,1,1,1
2154,0,1,2,1
1703,1,1,0,1
5071,0,1,2,1
4434,0,1,2,1
4140,0,1,1,1
2926,1,1,6,0
6252,0,1,1,1
3182,0,1,1,1
4712,1,2,1,0
2357,0,1,0,1
4359,1,1,1,0
252,1,1,0,0
3971,0,2,1,0
4633,0,1,1,1
1578,1,2,3,0
6351,0,2,4,1
4934,0,1,1,1
4588,0,1,1,1
2921,1,1,7,0
1860,1,1,0,1
4506,1,1,2,0
6768,0,1,1,1
3089,0,1,1,1
5273,0,2,4,0
5620,0,1,0,0
4618,0,1,1,0
2948,1,1,6,0
641,0,0,1,0
3742,1,1,1,1
6018,1,1,0,1
2127,0,2,2,1
297,0,2,1,0
303,0,1,1,0
3693,1,1,1,1
6530,0,1,0,1
3268,0,1,1,0
3316,0,0,1,1
2115,1,1,1,0
6809,1,1,1,0
655,0,2,1,2
7132,0,1,1,1
4767,1,1,1,1
6245,0,1,0,0
4144,1,1,2,0
240,1,1,0,0
783,1,1,4,1
1354,1,1,2,1
1018,0,1,2,0
2473,0,2,3,0
977,1,0,1,1
809,0,2,5,0
2684,1,1,7,1
2272,1,1,1,1
257,1,1,2,1
1599,0,2,1,0
893,0,2,2,1
2182,0,1,2,0
6175,0,1,2,0
1844,0,1,1,0
2526,0,1,6,1
6941,1,1,1,0
6139,0,1,1,0
1620,0,2,4,0
2287,1,1,3,0
3411,0,1,1,1
6812,1,2,1,0
5688,0,2,2,0
3129,1,1,1,1
4472,0,1,7,1
1357,0,0,3,2
3392,1,1,1,0
6159,1,1,1,0
2337,1,2,3,1
3001,0,0,1,2
7044,1,1,1,0
4942,1,1,1,1
5921,0,1,0,0
3014,1,1,1,1
4537,1,1,1,1
2447,1,1,2,1
5165,1,1,2,1
2629,1,1,2,1
4462,1,1,1,1
2771,0,1,2,0
6258,1,1,1,0
4254,1,1,3,1
4173,1,1,7,0
1945,1,1,1,1
5753,1,1,0,0
2155,1,0,3,1
4401,0,1,7,2
1092,1,1,1,0
5004,0,0,1,2
124,1,1,1,1
5679,1,0,1,0
6657,1,0,1,0
4362,0,1,1,1
2094,0,1,0,1
6008,1,2,1,0
2900,1,1,6,0
1553,1,1,1,1
3317,0,1,1,0
5897,1,1,1,0
598,0,2,1,0
75,0,1,1,1
1339,1,1,2,1
1416,0,1,1,1
2957,0,2,6,0
1782,1,1,0,1
2283,0,1,1,1
5918,1,1,1,1
4741,0,1,0,0
2932,0,1,6,0
149,0,2,4,0
5412,0,1,1,0
1557,1,1,1,1
4077,1,1,1,1
453,1,2,1,0
1786,1,1,0,1
6034,1,1,1,0
415,0,1,2,1
3306,1,1,1,1
808,1,2,2,0
5087,0,2,4,0
3477,1,0,1,0
6543,1,1,1,1
6157,1,1,0,0
1119,0,0,3,0
5128,1,1,2,1
810,0,2,4,2
4568,1,1,1,0
1129,0,1,2,0
834,1,1,0,2
2499,1,1,6,1
6062,0,1,4,0
6846,0,1,0,0
5693,0,1,0,0
1235,0,1,0,0
1225,1,2,4,0
5220,0,1,1,1
2432,1,2,4,0
7156,0,1,3,2
6791,1,0,1,1
4365,1,2,1,1
5697,1,1,2,1
4796,0,1,0,0
5019,0,1,1,1
2266,0,1,1,1
1027,1,1,0,2
3194,1,0,1,1
2288,1,1,1,0
1657,0,1,1,0
349,1,1,3,0
452,0,1,1,1
662,1,1,1,0
172,1,1,3,0
1405,1,2,1,0
4296,1,0,1,1
4326,1,1,3,0
4629,1,1,0,1
422,0,1,1,1
2107,1,1,3,0
1954,0,2,1,1
881,1,0,1,1
2458,0,2,2,0
1253,1,2,1,1
5112,1,1,1,2
6318,1,1,0,0
4025,1,1,2,1
4196,0,2,7,0
6673,1,1,2,1
6084,1,1,2,1
102,1,2,1,1
3257,1,1,1,0
4378,0,1,2,1
6792,0,1,2,0
7075,0,1,1,1
4905,0,1,1,0
1580,1,2,4,1
3721,0,1,1,1
6515,0,1,3,0
3260,0,1,1,1
6277,0,1,1,1
5283,1,1,1,1
135,0,1,3,1
2618,0,1,6,1
4997,1,1,2,1
1310,1,1,2,2
6441,0,1,0,1
6939,1,1,1,1
3871,1,1,7,1
4502,1,1,7,1
5349,0,1,1,0
6213,1,1,1,0
6334,1,1,1,1
1934,0,1,0,1
2561,1,1,7,1
2210,1,1,3,0
807,0,2,0,0
6178,0,2,4,0
462,0,2,1,0
879,1,0,0,1
5107,0,1,1,0
3838,1,1,1,1
7023,1,0,1,1
4706,0,1,1,1
7014,1,1,0,0
799,0,1,0,1
354,0,1,0,0
6376,0,1,1,1
1073,0,1,2,1
2707,1,1,6,1
2215,1,1,2,0
144,0,2,4,0
380,1,2,4,0
1340,1,1,1,1
2488,1,1,2,1
5243,0,0,0,1
121,0,1,1,1
2407,0,2,3,0
4441,1,2,8,0
4917,0,1,1,1
1360,0,1,1,0
418,1,1,1,1
3771,0,1,1,1
5647,0,1,1,1
1514,0,1,0,1
4724,0,1,0,1
6005,1,1,1,1
2227,1,1,1,1
7124,1,1,1,2
555,1,1,1,1
3358,1,1,1,0
7048,1,1,1,1
2697,1,1,6,1
1485,0,1,5,0
5105,1,1,1,0
1272,0,2,0,1
6710,1,1,3,1
1411,0,1,1,1
4864,1,1,8,0
6541,0,1,1,0
1471,0,1,1,1
3790,1,1,7,1
5603,1,1,0,1
2273,1,1,0,1
5736,0,1,4,0
4229,0,1,3,0
3617,1,1,2,0
6221,0,1,0,0
3279,0,1,1,0
6560,0,1,1,0
7006,1,1,1,0
1840,0,1,1,0
6724,0,1,2,0
981,0,2,0,1
1732,0,1,1,1
6078,0,1,0,0
2264,0,2,1,0
5887,0,1,3,0
6315,1,1,1,0
1268,0,1,4,1
414,1,1,2,2
4454,0,1,1,1
268,1,1,0,2
2781,1,1,2,0
7059,1,2,4,0
2937,1,2,8,0
654,0,2,1,0
5574,0,1,0,1
2114,0,1,1,1
4050,1,1,1,1
2876,1,1,2,0
4874,1,1,1,0
4515,1,1,3,1
773,1,1,0,2
2540,1,1,6,1
589,0,1,1,1
6478,1,0,1,1
2208,0,2,1,1
5281,0,1,4,0
5396,1,1,2,1
3149,1,1,1,1
4059,0,0,7,1
4781,0,1,1,1
3450,1,1,1,1
5955,1,1,1,0
701,1,1,0,1
5072,0,1,1,0
2388,0,1,1,0
4313,0,1,7,1
677,0,1,1,1
4387,0,1,2,0
6323,1,1,1,0
2698,1,1,2,1
5672,1,1,1,0
5247,0,1,2,1
693,1,1,1,1
1513,0,1,1,0
6887,0,1,1,0
6210,0,1,1,1
2984,1,1,1,1
6297,1,1,0,1
110,0,1,1,0
3163,0,1,1,0
3132,0,1,1,0
3286,0,1,1,0
5057,0,1,1,1
5803,0,1,1,1
1611,0,2,2,0
856,1,1,3,0
5888,1,1,1,0
4708,1,1,2,1
5782,0,1,1,2
3288,1,1,1,1
6793,0,1,2,0
2677,1,1,6,1
5013,1,1,3,1
1758,1,1,1,1
3396,1,0,1,1
4099,0,2,2,0
605,1,2,1,1
1964,0,2,2,2
5584,0,2,4,0
5389,0,1,0,1
3805,1,0,1,1
1468,1,1,1,0
5269,1,1,1,2
3370,0,1,1,0
6279,0,1,0,1
3296,1,1,1,1
4667,1,1,3,0
107,1,1,2,1
6858,1,1,1,1
29,1,1,0,1
3548,1,1,1,0
3263,1,1,1,0
2271,1,1,1,1
4075,0,1,1,0
2843,1,1,7,0
751,1,1,0,1
6125,0,1,0,0
584,0,1,1,1
1220,0,1,1,1
5990,0,1,1,1
4740,1,1,1,0
2885,0,2,8,0
3002,0,1,1,0
6158,1,1,0,0
548,1,1,1,1
5546,1,1,0,0
3091,1,1,1,1
3755,1,1,1,1
5880,1,1,1,1
6658,0,2,1,0
2399,0,1,0,1
2418,1,2,1,1
6897,0,1,4,0
7004,1,1,2,0
2095,1,1,1,0
5033,1,1,1,1
1203,1,1,0,1
344,0,2,3,0
4405,1,1,1,0
5347,0,1,1,0
1575,1,2,1,0
2098,0,1,1,0
6716,1,1,2,1
5129,1,1,2,0
2886,1,1,6,0
5549,0,1,1,1
7026,1,1,2,1
5485,0,1,4,0
90,0,2,1,1
6519,0,0,3,0
5821,0,1,1,0
6357,1,2,1,1
2338,1,2,3,0
7007,1,2,1,0
624,1,2,1,0
69,1,1,0,1
6824,0,1,0,1
889,1,2,3,1
5751,0,2,2,1
5436,1,1,1,0
4622,0,1,1,1
4717,1,1,1,1
6799,0,1,1,0
2446,0,1,1,1
947,0,1,0,1
877,0,0,0,2
4704,0,1,1,2
6685,0,1,1,1
7040,1,1,2,0
293,1,2,1,0
6370,1,1,1,0
4461,0,1,1,1
445,0,1,1,0
4273,0,0,1,1
5241,1,1,1,0
2316,0,1,3,1
2579,1,1,7,1
2609,1,1,7,2
5277,1,1,1,0
4771,0,1,0,1
2972,0,1,1,0
1922,1,1,1,1
4913,0,1,1,0
7017,0,1,0,0
4013,0,1,7,0
5118,0,1,1,1
5010,1,1,1,0
367,1,2,4,0
3541,1,1,1,1
5426,1,1,1,0
6454,0,1,3,1
6425,1,1,2,0
6092,0,1,1,0
6419,1,1,1,1
6564,0,1,1,0
4716,1,1,2,1
2406,0,1,1,1
7112,0,1,1,2
3402,0,1,1,0
5983,1,1,0,1
5706,1,1,3,0
5533,0,1,3,0
4559,0,1,1,1
3114,1,1,1,1
4192,0,1,2,1
1186,0,1,3,0
5998,1,1,1,1
5838,0,1,1,2
4743,1,1,0,0
6169,0,1,1,1
5141,1,1,1,0
5445,0,2,4,0
7005,1,2,4,0
151,0,2,4,0
915,1,1,2,1
1305,1,1,2,0
2302,1,1,1,1
5130,0,1,0,0
4198,0,1,7,0
4713,0,1,1,2
1398,0,1,2,1
183,0,1,0,1
7008,1,1,0,0
5976,0,1,1,0
2991,0,1,1,1
471,0,2,1,0
967,0,1,0,1
6437,0,1,2,1
1961,1,2,1,0
896,0,2,4,1
5424,1,1,0,0
2083,1,1,1,0
4727,1,0,0,2
1773,0,1,1,1
3431,0,2,1,1
1209,0,1,5,0
4030,0,1,3,0
6815,1,1,1,1
3698,0,1,7,0
2997,0,1,1,0
2706,0,1,2,1
2572,0,0,9,1
292,0,2,1,1
2415,1,1,2,1
3395,1,1,1,0
6483,1,2,1,1
272,1,1,1,1
2042,1,1,0,1
5001,1,1,1,0
3169,0,1,1,2
2348,1,1,1,0
3580,0,1,7,0
1086,1,1,0,1
4119,0,1,7,1
5931,0,1,0,0
5120,0,1,1,2
6418,1,1,1,1
2850,0,2,6,0
4536,0,1,7,1
4814,0,1,1,1
2689,1,1,2,1
2402,0,1,0,1
2268,1,1,1,1
4836,1,0,3,0
613,0,2,1,0
6859,1,1,1,1
3032,1,1,1,1
2716,1,1,6,1
3877,1,1,1,1
4172,0,1,7,1
1748,1,1,2,1
6456,0,1,0,1
2117,0,1,0,1
5962,0,1,1,0
5857,0,1,1,1
1344,1,1,2,0
6925,1,1,4,0
5944,1,1,1,0
2183,1,1,1,1
952,0,1,2,0
2306,1,1,1,1
1504,1,1,2,1
7122,1,1,1,2
2486,1,1,1,1
1121,1,1,2,0
5291,1,1,1,1
5808,0,2,4,2
5886,0,1,0,0
5364,1,1,1,1
2470,0,2,1,0
416,1,1,0,0
4221,0,1,1,1
564,1,1,1,1
1224,1,1,1,1
142,1,1,1,0
4169,0,2,7,1
4698,1,1,0,1
2628,0,1,7,1
2004,1,2,1,1
1194,1,1,2,0
2328,1,2,1,1
1756,0,1,1,0
497,1,1,1,1
6747,1,1,4,0
7001,1,2,1,0
3439,1,1,1,1
721,0,2,4,1
5206,1,1,1,1
3655,1,1,1,1
1496,0,1,3,2
5987,0,1,1,1
1520,1,1,5,0
4560,1,1,1,2
3956,0,1,1,0
3313,0,0,1,1
6907,1,1,1,1
5775,0,1,1,1
108,0,1,1,0
1754,0,1,2,1
5012,0,1,1,0
1351,1,1,1,1
6264,0,1,4,0
3821,1,1,1,0
2820,0,1,6,0
1973,0,2,3,0
336,1,2,3,0
7155,0,1,1,0
6765,0,1,0,1
4149,0,1,7,0
4635,0,1,0,2
724,0,2,2,0
765,1,1,3,0
6103,1,1,1,0
4615,1,1,1,1
307,1,1,1,1
1278,0,1,0,2
3150,1,1,1,1
6642,0,1,1,1
5579,0,2,4,0
2648,1,1,6,1
6488,1,1,0,0
1791,1,1,1,0
3366,1,1,1,1
4450,0,1,8,0
5863,1,1,0,2
2053,1,1,1,1
6664,0,1,2,0
71,1,1,0,1
2748,1,1,9,0
5381,1,1,1,0
1260,1,1,2,1
1666,1,1,0,1
3181,0,1,1,0
5288,0,1,1,1
5363,1,1,1,0
6773,1,1,0,0
2167,0,2,1,0
6819,1,1,1,0
1695,1,1,0,2
1095,0,1,0,1
4034,1,1,2,0
3807,0,1,1,1
3010,0,1,1,1
1630,1,2,4,1
4371,0,2,1,0
1881,1,1,2,0
4793,0,1,0,0
1612,1,2,1,1
978,0,0,4,1
3196,1,1,1,1
5081,1,1,1,1
2678,1,1,6,1
848,1,1,0,1
3024,1,2,1,0
3172,1,0,1,2
4058,1,0,7,1
6818,1,1,4,1
47,0,1,2,1
3593,1,1,1,0
1350,0,1,0,1
4591,0,1,0,1
446,0,2,1,0
1743,1,1,0,1
844,0,1,0,1
3125,1,1,1,1
6880,1,1,3,0
3885,1,1,1,1
5465,1,0,1,1
3932,0,1,1,1
1294,1,1,0,2
6956,0,1,1,0
3686,0,1,1,1
3979,1,1,1,1
6688,0,1,0,2
6234,1,1,0,1
4653,0,1,3,0
1112,0,2,1,0
776,0,1,1,0
6769,1,1,1,1
3571,0,1,8,0
2228,0,1,0,0
2153,0,2,0,0
4862,1,1,8,0
4823,0,1,1,0
2534,1,0,7,1
5324,0,1,0,0
3538,1,1,2,1
1851,1,1,0,0
1963,0,2,2,1
2375,1,1,1,1
4228,0,1,1,0
7159,1,1,1,2
485,0,1,1,1
2239,1,0,1,2
3252,1,1,1,0
6377,1,1,0,1
5491,1,2,1,0
30,1,1,0,1
1879,1,1,0,0
5416,0,1,1,1
2521,0,1,6,1
6784,1,1,1,1
6828,0,1,1,0
4888,1,1,2,1
3942,0,1,1,2
636,1,1,1,1
4538,1,0,7,1
3937,0,1,1,1
1083,1,1,1,0
861,0,1,2,1
6915,0,1,1,1
903,1,2,4,0
6697,1,1,2,0
109,0,0,0,2
6888,0,1,1,0
6434,0,2,4,1
2627,1,1,9,1
2995,1,1,1,1
6017,0,1,1,1
2333,0,1,0,1
6073,0,1,2,1
1831,1,1,1,1
6371,0,1,0,1
782,1,1,1,0
6992,0,1,4,0
3458,0,1,1,1
7107,0,1,1,2
6516,1,2,4,0
1825,1,1,0,0
1094,1,1,0,2
5444,1,2,4,1
6468,0,1,0,1
3891,0,1,1,0
4339,1,1,2,1
2680,1,1,2,1
6590,1,1,1,0
1654,1,1,0,2
5867,0,1,3,1
6476,0,1,3,1
2445,1,1,0,2
6250,1,1,1,1
4650,1,1,0,1
2605,0,1,7,2
4463,0,1,7,1
3133,1,1,1,1
178,0,2,0,1
5477,1,1,1,0
5677,0,1,0,0
2688,1,0,2,1
1204,1,1,1,1
2202,0,1,1,1
5547,1,1,4,0
3410,1,1,1,1
5523,0,1,2,2
4216,1,1,1,2
7123,0,1,1,1
1770,1,1,1,0
829,0,1,0,1
3710,1,2,8,1
3000,0,1,1,0
627,0,2,1,0
4634,0,1,1,1
925,0,1,2,2
295,0,2,1,1
1052,0,1,1,1
2592,1,0,7,2
5017,1,1,1,1
4217,1,1,1,1
944,0,1,0,1
5700,1,1,1,0
5941,1,1,1,1
12,1,1,2,1
1117,1,1,1,0
5212,1,1,3,1
2840,0,1,6,0
2522,0,1,6,1
3889,1,1,1,1
1319,0,1,1,1
4093,0,1,3,0
6998,0,1,4,0
6549,1,1,0,0
2906,0,1,7,0
3018,0,1,1,0
3289,0,1,1,0
653,1,2,1,2
2582,0,0,9,2
4322,0,2,8,0
6862,1,1,4,1
2548,0,0,7,1
6984,0,1,4,1
2925,0,2,8,0
6692,1,1,1,1
2516,0,1,6,1
6625,0,1,3,0
2417,0,1,2,1
6498,0,1,1,0
570,1,1,1,1
1448,1,1,2,0
3393,1,1,1,1
6983,1,1,1,1
3509,0,1,1,1
1745,0,1,2,1
6802,1,1,3,0
6671,1,1,1,1
287,1,2,1,1
1738,0,1,1,1
4477,0,1,1,0
6321,1,1,0,1
6161,0,1,1,0
3977,0,2,1,0
5684,1,1,0,0
6890,1,1,1,0
4674,1,1,0,0
1684,1,1,1,1
7117,0,1,1,1
1338,0,1,1,1
6970,0,1,4,1
6570,1,2,1,0
3102,0,1,1,2
3886,1,0,2,0
2258,0,1,2,1
6506,0,2,1,0
4525,1,1,3,0
3164,1,2,1,0
6081,1,2,2,0
7157,0,1,1,2
1564,1,1,0,1
6061,1,1,0,1
3794,1,1,1,1
2543,0,1,6,1
2185,1,1,1,1
3103,0,1,1,1
1231,1,2,4,1
6787,1,1,1,0
1258,0,1,2,0
2254,0,1,1,1
1951,1,2,2,1
6653,1,1,1,0
113,1,1,0,1
6080,1,1,2,1
5239,0,1,1,1
3467,1,1,1,1
507,1,1,1,1
4518,0,1,7,0
3269,0,2,1,0
6683,1,1,1,0
3377,0,1,1,0
3527,0,1,1,1
4174,0,1,1,1
7036,1,1,1,0
350,0,0,5,1
4222,0,1,1,1
6447,0,2,4,0
6309,0,1,1,0
1114,1,1,1,1
5046,0,1,1,1
298,1,2,1,0
3442,1,1,1,1
5687,1,1,1,0
5058,1,2,4,0
5458,1,0,0,1
5848,0,1,1,0
5995,0,1,4,0
2944,0,0,9,0
229,1,1,2,1
3803,1,0,3,2
4601,0,2,8,1
4962,0,1,1,1
5261,1,1,1,2
5972,1,2,4,0
2103,1,1,1,1
6112,0,1,1,1
7037,0,0,3,0
2654,1,1,6,1
4776,1,1,8,0
1614,0,2,4,0
607,0,2,1,1
6573,1,2,4,0
1093,1,1,3,0
5802,1,2,4,0
7035,1,1,1,0
6798,1,1,3,0
203,0,1,1,1
2387,1,1,1,0
3554,0,2,1,0
4105,1,1,7,1
837,0,1,2,2
4290,0,1,1,1
7104,0,1,0,1
1230,0,2,3,0
5435,0,0,0,1
1609,0,2,4,1
6999,1,2,3,0
5190,1,2,1,1
3590,1,1,1,1
5925,1,1,0,1
5499,1,1,0,0
3308,1,2,1,1
4523,1,1,1,1
7043,1,1,1,0
2533,1,1,6,1
3949,0,2,8,0
657,0,2,1,1
790,1,1,2,2
5285,0,1,1,1
4338,1,1,1,1
5909,0,1,0,0
1359,0,1,1,0
5251,0,1,0,1
2347,1,1,2,1
4848,0,1,8,0
4094,0,1,7,1
5253,0,1,3,0
5437,0,2,4,0
6256,1,1,1,0
2815,1,1,6,0
3309,1,1,1,1
5474,1,1,1,1
3849,1,1,7,1
6140,0,1,1,1
6117,1,0,0,1
1780,0,1,2,1
2718,1,1,6,1
803,0,2,2,2
857,1,1,3,0
4550,0,1,3,0
3505,0,2,8,0
5074,1,1,2,1
5049,1,2,4,0
219,1,1,0,0
1288,0,1,1,1
582,1,1,1,1
43,1,1,2,1
1234,0,1,2,0
2759,0,1,2,0
6929,1,1,0,0
1892,1,1,0,1
6237,0,1,1,1
6269,1,1,0,1
5785,1,1,2,1
5924,1,1,1,1
1071,0,2,1,0
718,1,2,4,1
2364,0,1,3,0
1505,0,1,3,0
670,1,1,1,2
4110,1,0,7,1
5733,1,1,1,1
4141,1,1,2,0
897,0,2,4,0
5769,1,1,0,1
4210,1,1,8,1
1530,0,1,5,0
5914,0,1,1,0
5722,1,1,0,0
6837,1,1,1,1
6497,0,1,1,0
3016,0,1,1,2
5836,1,0,3,1
5462,0,0,2,1
1874,0,1,1,1
2370,1,1,3,0
1769,0,1,1,1
5202,0,1,1,1
3078,0,1,1,1
1983,0,0,0,1
531,1,1,1,1
6348,0,1,1,0
4002,1,1,1,1
3682,0,1,1,0
3518,1,2,2,1
2163,0,1,0,1
731,1,2,4,1
2339,1,1,0,0
5204,0,1,1,0
2232,1,1,1,0
6682,0,1,4,1
3034,0,1,1,0
3753,0,1,1,1
1255,1,1,2,1
2104,1,1,0,2
3624,0,0,1,1
3768,1,1,1,1
898,1,2,1,1
428,0,1,1,2
5831,1,1,1,1
2917,0,2,6,0
5610,1,1,0,1
6480,1,1,0,1
1222,1,2,0,2
6813,0,1,2,1
5968,0,1,1,0
5306,1,1,1,0
5406,1,0,0,2
1621,1,2,4,0
7131,0,1,1,2
4453,1,2,8,0
1096,0,2,1,1
2072,0,0,1,1
6467,0,1,1,2
3887,0,1,1,2
3044,0,2,1,1
6044,1,1,1,1
1788,0,1,0,2
5189,0,1,4,0
3731,1,1,2,0
528,0,1,1,1
3256,0,1,1,1
192,1,1,0,1
5777,0,2,1,0
1126,1,1,1,0
5313,1,1,1,1
6607,1,1,3,0
5015,0,1,1,1
304,1,1,1,1
6393,1,2,3,0
1292,1,1,2,2
70,1,1,0,1
2860,0,1,6,0
4041,0,1,7,0
2715,0,1,6,1
831,1,1,2,0
3187,1,1,1,0
1456,0,1,1,0
6651,1,1,1,0
238,1,1,0,0
92,1,1,2,1
6993,1,1,0,0
3614,0,1,2,1
3142,0,1,1,1
3780,0,1,1,1
3347,0,1,1,0
3463,1,1,1,0
6690,1,1,1,2
1001,1,2,1,0
6619,1,1,3,1
6864,0,1,4,1
2377,0,1,3,0
3901,0,1,1,1
2887,1,1,7,0
2644,1,1,2,1
1532,1,1,3,0
2410,1,1,0,0
4331,1,2,8,2
411,1,1,2,1
5067,1,2,4,0
6871,0,1,0,0
6613,0,1,1,1
6365,0,1,0,1
3827,0,2,8,0
6780,0,1,0,0
2934,1,1,6,0
6532,1,1,1,0
5457,1,1,2,1
5472,0,2,4,1
633,0,1,1,1
498,0,1,1,2
2463,0,2,1,0
3936,1,1,1,0
637,0,1,1,1
720,1,2,2,1
288,1,2,1,0
757,1,1,1,0
3265,1,1,1,0
6111,1,1,1,1
4237,0,1,2,0
6882,1,1,1,1
3574,0,2,7,1
596,0,2,1,0
5717,1,1,1,0
1068,1,0,0,1
1942,1,1,1,0
1647,1,1,1,2
5894,1,1,1,1
1700,0,1,0,0
5747,1,1,1,0
6045,0,1,0,1
4899,0,1,0,0
3796,0,1,1,1
2123,0,1,1,1
3349,0,1,1,0
86,0,0,0,2
2308,0,1,1,1
4824,0,1,1,1
2805,0,1,6,0
2594,1,0,7,2
2952,1,1,2,0
1029,1,1,1,0
3166,0,1,1,0
3929,0,1,1,0
2144,0,1,1,0
4661,1,1,1,0
1200,1,1,1,2
2025,1,1,0,0
621,1,2,1,1
6511,1,1,2,0
566,0,1,1,1
3539,1,0,1,0
1837,1,1,0,1
1334,0,1,1,0
3107,1,1,1,1
6811,1,1,1,0
2099,1,1,1,0
5827,0,1,0,0
2746,0,1,6,0
3641,1,0,1,1
1688,1,1,2,1
745,1,2,4,1
4890,0,0,3,1
7136,1,1,1,0
2187,1,1,1,0
195,1,1,2,1
1152,0,1,0,1
6079,1,1,1,1
4714,1,1,1,1
802,1,1,0,1
5840,0,1,2,0
2350,0,1,0,1
3406,0,2,1,0
6482,0,2,4,0
4626,1,1,1,0
2068,0,1,1,1
5532,1,1,1,0
644,0,2,1,2
6330,1,1,1,0
5365,0,1,0,1
6904,0,1,1,1
6076,0,1,1,1
120,1,1,1,0
1777,0,1,1,0
6796,1,1,0,0
5758,1,2,1,0
2135,1,1,1,1
5192,0,1,1,1
5958,0,1,1,1
134,0,2,3,0
6324,0,1,1,1
3519,0,1,1,1
3207,0,1,1,1
2559,0,1,6,1
62,0,1,1,1
4668,0,1,1,1
7094,0,1,1,1
3615,0,1,1,1
3482,1,0,1,1
3914,1,0,1,1
679,1,1,1,1
7110,0,1,1,2
741,0,2,5,0
1211,1,1,1,1
2170,0,1,0,0
3829,1,1,2,2
5111,0,1,1,0
567,0,1,1,2
1873,1,1,1,1
5234,0,1,1,0
2596,1,1,7,2
1717,1,1,3,0
1392,1,2,1,0
5377,0,1,1,0
2922,0,1,6,0
3752,0,1,1,1
489,1,1,1,1
493,0,1,1,1
690,0,0,3,1
4638,1,1,2,2
602,0,2,1,0
1911,0,1,1,0
4920,0,1,0,1
4270,0,1,7,2
5422,1,1,1,0
5218,0,1,1,0
4264,1,2,8,0
4898,1,1,0,0
2366,0,1,1,1
1187,0,1,1,1
274,1,0,1,1
4397,1,1,1,2
4970,0,2,1,0
1361,1,1,2,1
5601,0,1,0,1
1526,1,1,1,0
6775,1,1,1,1
3896,1,1,1,1
7058,0,2,4,0
6500,1,1,1,0
3319,1,0,1,1
6732,1,1,0,1
1337,1,1,2,1
945,1,1,0,1
5636,0,1,1,1
2250,0,1,1,1
3941,0,1,1,1
3601,0,1,1,1
3951,0,1,1,1
2346,1,1,2,1
68,1,1,0,1
5242,0,1,1,1
5361,0,1,1,1
1598,0,2,4,0
3433,0,1,1,1
4205,0,2,8,2
4639,0,2,1,0
1503,0,1,1,1
4161,0,2,1,0
150,0,2,2,1
2943,0,1,2,0
2086,0,2,2,0
6526,1,1,1,1
2259,0,2,1,0
5456,0,1,1,1
3499,0,1,1,0
5522,1,1,3,0
2941,0,1,9,0
859,0,1,2,1
3332,0,0,1,1
2821,1,2,6,0
5799,0,2,4,1
5774,1,1,2,1
366,0,2,4,0
1432,0,1,1,0
5011,1,0,1,1
1779,0,1,2,0
4357,1,1,1,1
3379,0,0,1,2
1818,0,1,2,1
6966,0,1,1,1
841,1,1,0,1
2704,0,1,6,1
1189,1,1,1,0
175,1,1,2,0
3824,1,1,1,1
617,0,2,1,2
2093,0,1,1,1
3066,0,1,1,1
82,0,2,1,1
3859,0,1,1,2
1030,1,0,0,1
6884,1,1,1,1
300,0,1,1,1
1472,1,1,2,0
283,0,2,1,0
2028,1,2,1,0
5676,1,1,4,0
4377,1,0,2,0
5683,1,1,1,1
1813,1,1,1,1
1271,1,1,0,1
6021,1,1,1,1
4526,0,1,7,1
3786,0,2,8,0
2313,0,2,1,0
2008,0,1,1,1
4306,0,1,1,0
2642,1,1,6,1
5427,1,1,1,0
6524,0,1,1,1
4828,0,1,1,0
6337,0,2,1,1
4011,1,1,2,1
99,1,1,2,1
4184,1,0,7,1
744,0,2,4,0
6623,1,1,1,0
480,1,2,1,0
4731,1,0,0,1
6953,0,1,1,1
5050,0,1,0,0
1157,0,2,1,0
1437,0,1,1,0
2414,1,1,1,1
6380,0,1,3,0
402,0,2,4,0
2195,1,1,1,0
949,1,1,2,0
3077,1,1,1,1
2067,0,2,1,1
3353,0,1,1,1
5006,1,0,0,1
668,1,1,1,2
218,0,1,3,0
1962,1,2,1,0
5833,1,1,1,0
3836,1,1,1,1
2213,1,1,1,1
2633,1,1,6,1
1659,1,1,1,0
3782,0,1,7,1
4791,0,1,1,1
4738,1,1,1,0
2145,0,1,1,0
777,1,1,2,1
2434,1,1,2,1
4072,1,1,1,1
4055,0,1,1,0
4336,0,1,1,1
1491,1,1,2,2
3025,0,2,1,0
2966,0,2,1,1
4945,0,1,0,1
5357,1,1,3,0
5434,1,1,0,1
517,1,1,1,0
4315,1,1,8,1
3620,0,1,1,1
3966,1,1,8,0
4903,0,2,3,0
6971,0,1,3,0
3464,1,1,1,1
4914,0,1,1,1
568,0,1,1,0
360,0,1,4,0
3792,0,1,3,0
6052,1,1,0,0
6146,0,2,1,0
6154,0,1,0,1
759,0,1,1,1
4498,0,1,3,0
6729,0,1,0,1
5816,1,1,1,1
4666,0,1,1,1
214,1,2,4,0
3039,1,1,1,1
3978,1,1,2,0
2963,0,1,1,0
4332,1,1,1,1
5928,0,1,0,1
6674,0,1,1,1
1473,1,1,3,0
2244,0,1,1,1
725,0,2,4,0
4628,1,2,1,0
49,0,1,2,1
5613,0,1,1,1
887,0,2,3,0
6266,1,1,1,0
4937,0,0,2,1
6466,1,1,1,0
516,0,1,1,1
5965,0,1,1,1
139,0,1,0,1
3113,1,1,1,1
5631,0,1,1,0
6108,1,1,1,0
6386,0,1,3,0
463,1,2,1,0
4751,1,1,1,1
1233,0,2,4,0
594,0,2,1,2
450,1,1,1,1
5194,1,1,1,1
3333,0,0,1,1
3664,0,1,2,2
312,1,1,1,1
3193,0,1,1,1
4320,1,1,2,1
4818,1,1,0,1
451,0,1,1,0
5957,1,1,1,1
890,0,2,2,1
2763,1,1,6,0
658,0,2,1,0
1506,1,1,0,1
5538,0,1,2,1
6699,1,1,1,1
999,0,1,1,0
389,1,0,3,1
2330,1,1,0,1
1476,0,1,1,0
2240,1,1,0,0
6436,0,0,1,2
6446,0,1,0,0
6415,0,1,0,1
6336,0,1,1,0
2775,1,1,9,0
1923,1,1,2,0
758,0,1,3,0
6617,1,1,1,1
6268,1,1,1,1
1293,1,1,0,1
6314,0,1,1,1
2873,0,1,9,0
5994,0,1,1,0
4993,0,1,2,1
1907,0,1,2,1
4928,0,1,0,0
4967,1,1,1,1
368,0,2,4,1
1937,0,1,2,1
1151,0,1,1,1
6869,1,1,0,0
4539,1,1,2,1
3573,0,1,1,1
7045,1,1,0,0
191,1,1,0,1
4769,0,1,1,1
5885,0,1,0,1
174,1,1,0,1
1903,1,1,1,1
1099,0,2,4,1
4742,0,1,0,0
3035,1,2,1,0
2292,1,1,1,1
6271,1,1,1,0
6964,1,1,1,0
4092,1,1,1,1
5826,0,1,2,1
1164,0,1,2,1
3910,1,1,1,1
6652,1,1,1,0
3047,1,1,1,1
5332,0,1,3,1
6353,1,1,3,0
1661,0,1,1,0
508,1,1,1,1
166,1,1,3,0
5316,1,1,1,1
4921,1,1,1,0
5137,0,1,2,1
4825,1,0,1,1
103,1,1,1,1
5804,0,1,3,0
4335,1,1,7,1
3355,1,2,1,0
3939,0,1,7,1
4398,0,1,1,2
1752,1,1,1,1
6395,0,2,3,0
3935,1,1,1,0
3007,1,2,1,1
2916,0,2,7,0
4715,0,1,1,2
1658,0,1,3,1
152,0,2,1,0
3757,0,2,7,0
2483,1,2,0,1
1583,0,2,1,0
6027,0,1,0,1
2552,1,1,6,1
3544,1,1,1,0
4958,0,2,8,1
3718,0,1,1,0
5257,0,1,0,0
3049,0,1,1,1
6254,0,1,0,0
2209,1,1,1,1
3837,0,0,1,1
4520,1,2,8,0
2985,0,1,1,0
1822,1,1,0,1
5884,1,1,1,0
4081,1,1,1,0
4295,0,0,3,1
4532,1,1,7,1
309,1,1,1,1
212,1,1,1,1
3523,1,1,2,0
4288,0,1,1,0
6561,0,1,0,2
495,1,1,1,1
205,0,1,1,1
1434,0,1,1,0
1135,1,1,1,1
2584,0,1,6,2
868,0,1,0,0
2749,0,0,7,0
305,0,1,1,0
1849,1,1,1,1
4575,1,1,0,1
1988,1,1,1,1
2798,0,2,8,0
3985,0,1,1,1
1534,0,1,3,1
843,1,1,0,2
1987,0,1,1,0
4918,1,1,2,1
4808,1,1,2,1
3685,0,1,8,1
383,1,0,3,1
1538,0,1,1,0
211,0,1,1,1
1957,1,2,1,0
6822,0,1,4,1
2438,0,2,1,0
2727,0,1,6,1
3378,0,1,1,0
5411,1,1,0,0
1349,0,1,1,1
4480,0,1,1,1
5304,1,0,3,1
5481,1,2,4,1
680,0,1,1,1
180,0,1,0,0
6816,1,1,4,0
3221,1,0,1,2
6686,1,1,1,2
5760,1,1,2,0
278,1,1,1,0
5780,0,1,4,0
6327,1,1,1,1
2480,1,1,2,1
289,1,2,1,1
4447,1,1,7,0
5379,0,1,1,0
993,0,1,1,0
2236,0,1,2,0
5231,0,1,2,1
39,0,0,3,2
7137,0,1,1,2
2754,0,1,2,0
5744,0,1,1,1
3165,0,2,1,1
270,0,1,0,1
4035,1,1,7,1
2883,1,2,8,0
5856,1,2,4,0
5149,1,0,0,1
5544,1,1,1,0
5568,0,1,1,0
111,0,1,2,2
1391,1,1,3,1
2600,0,1,2,2
220,0,1,3,0
4302,0,1,1,0
3407,0,1,1,0
4354,0,2,8,1
83,1,1,1,0
873,0,1,3,0
6634,1,1,0,1
6445,1,1,0,0
461,1,1,1,1
6296,0,1,0,0
551,0,1,1,1
3197,0,1,1,0
2374,0,1,3,2
6023,0,1,1,1
2246,0,1,1,0
6740,0,1,0,0
6718,1,1,2,0
2450,0,1,2,1
2329,1,1,1,0
6010,1,1,0,1
2146,0,2,4,1
7067,1,1,3,0
3783,0,1,8,0
6319,1,1,1,0
650,1,2,1,0
708,1,1,2,1
6124,0,1,1,1
3558,1,1,1,1
3492,1,1,1,1
4019,1,1,1,0
3063,1,1,1,0
5740,1,1,2,1
1424,1,2,1,0
1216,0,1,1,1
5469,1,1,1,0
1924,1,1,1,1
4489,1,1,1,1
4600,0,1,3,0
314,1,1,1,0
3961,0,1,2,0
1427,1,2,1,0
7077,0,1,1,1
5642,0,1,0,0
4101,1,2,2,0
5796,0,1,0,1
3008,0,1,1,1
5930,1,2,4,2
1105,1,1,2,1
6381,1,1,0,0
4394,1,1,1,0
7161,1,2,3,0
4328,1,1,3,0
684,1,1,1,1
5245,1,1,1,1
4604,0,1,1,0
2765,1,1,7,0
3176,1,1,1,1
3948,1,1,1,1
2451,0,1,4,0
3290,1,0,1,0
326,0,1,1,0
2652,1,1,6,1
7013,0,1,0,0
2176,0,2,0,1
3765,0,1,1,1
4220,1,1,1,1
6198,0,1,2,1
3388,0,0,1,1
2787,1,1,6,0
7022,0,1,3,1
3404,0,1,1,0
1676,1,1,0,1
348,1,2,4,2
5227,0,1,2,1
3833,0,1,1,0
6596,1,1,1,0
1626,1,2,4,0
4350,0,1,1,0
3870,0,1,1,1
3575,1,2,1,0
871,1,1,0,1
4189,1,1,1,1
5359,0,1,4,1
5483,1,1,1,1
2218,0,1,1,0
6095,1,1,1,0
2121,1,0,0,1
3878,1,1,1,1
3481,0,1,1,1
5621,1,0,1,2
85,1,1,0,2
5763,0,1,1,1
1877,0,1,1,2
2801,1,1,2,0
5658,1,2,1,0
2640,1,0,2,1
6333,0,1,1,0
2880,1,1,6,0
4152,0,1,8,0
494,0,1,1,0
2019,1,2,1,0
2525,0,1,6,1
5397,1,0,2,0
5716,0,2,1,0
4003,1,1,3,0
1270,0,2,4,0
6191,1,1,2,0
5260,1,1,3,1
2895,1,1,9,0
3820,0,2,1,0
5922,1,1,1,1
618,0,2,1,0
6130,0,1,0,1
3816,1,1,1,1
4640,0,1,1,1
6662,0,2,2,1
3226,0,1,1,1
4816,1,1,1,0
1413,0,2,1,0
2201,0,1,0,1
2001,1,1,3,2
5375,0,2,4,1
869,0,1,0,0
2358,1,1,2,1
2006,0,1,0,1
3090,0,1,1,0
6881,0,1,1,0
4961,0,1,1,1
356,0,1,0,2
1162,0,2,2,1
6308,0,2,4,0
3064,1,1,1,1
3238,1,1,1,0
3161,1,1,1,1
3487,0,1,1,1
4508,0,1,3,0
3892,1,1,3,0
7062,0,2,4,1
1890,1,1,1,2
579,0,1,1,1
2319,1,1,0,1
6611,0,1,4,1
1691,1,1,1,1
862,0,1,2,1
6409,0,1,1,0
4404,0,2,8,0
2380,0,1,1,1
2378,1,1,1,0
5048,1,1,0,1
5550,0,1,0,1
5384,1,1,1,1
1116,1,1,1,1
1541,1,1,1,0
4541,0,1,1,1
5514,0,1,1,1
6587,1,1,0,0
6220,1,0,1,0
4834,0,1,1,1
5724,1,1,0,1
3649,1,0,7,1
4789,0,1,1,1
4664,1,1,1,0
2500,0,1,6,1
6328,0,1,1,2
3918,1,0,1,1
6347,0,1,1,0
6355,1,1,1,0
7047,1,1,0,0
3480,0,1,1,0
5395,1,1,1,0
4577,1,1,1,1
6825,1,1,1,0
3534,0,1,2,1
4207,1,1,1,2
5322,0,1,1,1
4758,0,1,0,1
6867,1,1,4,2
2052,1,1,1,1
1776,1,1,1,1
4024,1,0,1,1
4382,0,1,1,1
2536,1,1,2,1
6810,1,1,0,0
4803,1,1,1,0
1592,0,2,1,0
1723,0,1,0,1
7141,0,1,1,0
5654,1,1,1,1
2611,1,1,2,2
4870,1,1,1,0
490,0,1,1,1
6025,0,1,1,1
2910,1,1,9,0
1006,1,1,2,1
4305,0,2,8,1
2503,0,2,8,1
7033,1,1,0,0
2314,1,2,1,0
2554,1,1,6,1
1417,0,2,1,0
3096,0,1,1,0
25,1,1,0,1
2409,1,1,1,1
3270,1,1,1,1
1113,1,1,1,1
4251,1,1,3,1
1552,1,1,3,0
6122,0,1,1,1
5351,0,2,4,0
3434,0,1,1,1
3214,1,1,1,0
433,1,2,1,0
979,1,0,0,1
2655,1,0,6,1
6786,0,1,1,0
4855,0,1,8,0
6990,1,1,1,0
1127,1,1,1,0
5123,1,1,1,0
6129,1,1,2,1
6459,1,1,1,2
2518,1,1,2,1
6883,0,1,1,1
1102,1,2,4,1
3276,1,0,1,2
3528,0,1,7,1
4857,0,2,1,1
4323,1,2,8,0
5310,1,1,1,0
4977,0,1,1,1
194,1,1,2,1
615,1,2,1,0
643,0,0,1,1
7160,0,1,4,1
3285,1,1,1,0
3116,0,0,1,2
3535,0,1,1,1
2776,0,1,9,0
5876,0,1,3,1
6055,0,1,4,0
4128,1,1,7,1
330,1,1,1,1
2207,0,1,2,0
4692,0,1,1,1
5157,0,1,1,1
2670,0,1,7,1
3299,0,1,1,1
972,0,1,0,1
483,0,1,1,1
2420,0,1,1,1
2602,0,0,9,2
719,0,2,4,1
6914,0,1,1,1
2059,1,1,2,1
2803,1,1,2,0
2566,0,1,7,1
4787,0,1,1,1
32,1,1,0,2
664,1,1,1,1
5641,1,1,0,0
4529,0,1,1,1
7114,0,1,4,1
1444,0,1,1,0
3479,1,1,2,0
2792,0,1,2,0
6923,1,1,1,1
6978,0,1,0,0
1705,1,1,1,0
6267,0,1,2,0
5414,1,0,1,1
3749,1,1,7,1
6194,1,1,1,0
4766,1,1,1,1
3227,1,0,1,1
118,1,1,1,1
2277,0,1,2,1
2905,0,0,6,0
4610,1,1,1,1
1401,1,2,4,0
739,0,2,3,0
2456,0,2,1,0
170,1,1,1,1
540,0,1,1,0
883,1,0,2,0
4367,1,1,7,2
5433,0,1,0,0
6954,0,1,1,0
3570,1,1,1,0
3944,1,1,7,0
674,1,1,1,1
3209,0,1,1,1
397,1,2,4,0
2915,1,1,6,0
3409,0,1,1,0
1815,0,1,0,1
5487,1,1,1,1
6991,1,1,1,0
2100,1,2,3,0
4294,0,0,8,1
7097,1,1,2,1
6037,1,2,3,1
2101,0,1,1,0
6071,0,1,1,1
5498,1,1,1,0
1548,0,1,1,0
4291,1,1,1,1
3599,0,1,3,0
3323,1,2,1,0
355,1,2,3,0
3621,1,1,3,0
4176,0,2,1,0
4963,1,0,1,2
2535,1,1,6,1
6342,1,0,1,0
3220,1,1,1,0
5106,0,1,1,0
2373,1,1,0,0
1051,0,1,2,0
3074,0,1,1,1
2321,0,1,2,0
4574,1,1,1,1
3334,0,1,1,0
4619,1,1,1,0
1751,0,1,1,0
6223,1,1,1,0
1772,1,1,1,1
1196,0,1,1,0
1878,1,1,3,0
2668,1,0,9,1
7147,0,1,1,2
2016,1,1,1,1
2005,1,2,4,2
5814,1,1,2,1
1482,0,1,1,0
3237,1,1,1,1
328,0,1,1,0
648,1,2,1,1
2945,0,1,7,0
3543,0,1,1,1
1123,1,1,1,0
4985,0,0,0,1
2788,0,1,2,0
6827,1,1,4,0
5842,1,2,4,1
5551,1,2,1,0
6853,0,1,0,1
6000,1,1,1,1
1259,0,1,1,0
5752,1,1,1,1
5970,1,1,4,0
3915,1,0,1,0
1519,1,1,1,0
5271,0,1,1,2
1378,1,1,1,1
5229,1,1,1,1
1023,0,2,4,1
2587,0,0,6,2
2918,0,2,8,0
4989,0,1,1,1
5097,1,1,2,0
6997,1,2,3,0
912,0,2,4,0
2857,0,2,6,0
4868,1,1,1,0
1675,1,1,1,1
1746,1,1,1,1
3026,0,1,1,0
532,1,1,1,1
1736,1,1,1,1
1629,0,2,4,0
6189,1,1,1,0
430,1,2,1,1
1808,0,1,1,1
5078,1,1,1,1
5781,1,1,1,1
4471,1,1,3,0
4657,0,1,1,1
234,0,1,2,0
4503,1,1,7,0
2222,1,1,0,1
4369,0,1,1,1
4102,1,1,2,1
5723,1,1,1,1
4414,0,1,7,1
6391,1,2,3,0
1948,0,2,1,0
5480,0,1,1,0
6358,1,1,1,1
4418,1,1,1,0
6556,1,1,1,0
1995,0,1,1,2
2671,0,1,6,1
5963,1,1,1,0
2224,1,1,1,1
1106,1,1,0,1
5907,0,1,1,1
818,0,0,3,2
3616,1,2,8,1
5294,0,1,1,2
7055,1,1,1,0
5224,0,0,1,1
1697,1,1,0,1
5872,1,0,3,2
136,0,1,3,0
1642,1,0,0,1
5516,1,0,2,1
5668,1,1,1,0
6350,0,2,3,1
1180,1,1,1,1
4595,0,2,8,1
888,1,2,1,0
2987,1,1,1,0
3855,1,1,1,1
2437,0,0,3,2
3715,1,1,1,0
5008,0,1,8,0
817,0,0,2,2
1111,0,1,1,1
3414,1,1,1,1
4478,1,1,1,1
2341,1,1,1,1
3167,1,0,1,1
5282,1,1,1,1
6691,0,1,1,2
4701,0,1,2,0
3065,1,1,1,0
1264,0,1,1,0
990,1,1,1,0
1464,0,2,1,0
1739,1,1,2,0
5151,1,1,1,0
5743,0,1,3,0
353,1,2,3,0
5464,1,0,2,1
3933,1,1,7,1
6872,0,2,4,1
6142,1,1,0,1
1489,1,1,1,1
4871,0,1,1,0
4801,1,1,1,0
3130,0,2,1,1
1228,0,1,2,0
6723,1,1,1,1
4257,1,1,8,1
3907,0,1,3,0
6779,1,1,0,0
3898,0,1,1,1
6972,1,1,2,0
52,0,1,1,1
4292,0,0,3,1
3980,0,1,3,0
5020,1,1,1,1
3085,1,1,1,1
159,0,2,1,0
6049,1,1,3,0
1587,0,2,2,0
1589,0,2,1,0
1479,0,1,2,0
5737,1,1,3,0
3145,0,1,1,1
1469,1,1,1,0
4262,1,1,1,1
3094,1,1,1,0
6841,0,2,3,1
3667,0,1,3,0
2078,1,1,1,0
7012,1,1,0,0
5650,0,1,0,1
4386,1,1,1,1
7056,0,1,0,0
6909,0,1,1,1
3770,1,1,1,1
2828,1,1,7,0
436,0,1,1,1
4139,0,1,1,0
6932,0,1,1,1
2960,1,1,6,0
4773,0,1,1,0
1588,0,2,2,0
4672,0,1,3,0
2780,0,1,2,0
5272,0,1,1,2
1590,1,2,3,0
4370,0,1,1,1
973,1,1,2,1
1238,1,1,0,1
2951,1,2,9,0
6412,1,1,4,1
2342,1,1,1,0
3589,1,0,3,1
4567,1,1,0,0
5093,1,1,1,2
6119,1,1,0,0
2231,1,1,0,0
3658,1,1,2,1
1497,1,1,1,1
449,1,2,1,1
2369,1,1,2,1
4839,1,0,1,1
3429,1,1,1,1
4087,0,1,1,0
4446,1,0,3,0
2422,0,1,0,1
6429,0,1,0,1
6066,0,1,1,0
4209,1,1,1,1
1551,1,1,2,0
6352,1,1,1,2
1146,1,2,5,0
4691,1,1,1,1
2092,0,1,1,1
1313,1,1,3,0
2015,0,2,1,0
187,1,0,0,1
3960,1,1,7,2
3426,1,1,1,1
6895,1,1,4,0
1381,0,2,4,1
4366,1,1,1,0
413,1,1,2,1
6985,1,1,0,1
3455,1,0,1,1
941,1,1,0,1
801,0,1,1,1
3336,0,1,1,0
6725,1,1,0,1
2750,1,1,2,0
5167,1,2,4,0
4395,0,1,1,1
256,1,1,0,1
6171,1,1,1,1
7024,0,1,3,0
3199,1,1,1,2
2235,1,1,0,0
647,1,0,1,1
1767,0,1,1,1
6794,1,1,1,0
3662,1,1,7,1
5113,1,1,1,1
6876,0,1,1,0
3815,0,1,1,2
24,1,1,0,1
5748,1,1,1,1
1088,1,1,1,1
4108,0,1,2,0
2694,0,1,6,1
3819,0,1,1,1
3398,1,0,1,0
3559,1,1,1,0
112,0,2,4,2
2841,1,1,2,0
2311,0,1,2,2
3441,1,1,1,1
4020,1,1,1,1
6803,1,1,1,0
4794,1,1,0,1
56,1,2,1,1
1309,0,1,1,1
695,1,1,2,1
5746,0,1,1,1
5213,1,1,2,1
1227,0,1,3,0
1999,0,2,3,1
276,1,0,1,1
3861,1,1,1,1
6286,1,1,1,0
1833,0,1,0,1
5681,1,1,1,0
6361,0,1,0,0
682,1,1,1,0
4303,1,2,8,1
6746,1,1,1,0
5666,0,1,1,1
6854,0,1,1,1
1137,0,1,1,1
2767,1,0,9,0
6338,0,1,0,1
4510,0,1,3,0
4686,1,2,1,0
942,1,1,0,1
1036,0,1,0,0
3841,0,1,2,1
5776,0,1,1,0
1346,1,2,1,1
3646,0,2,8,1
3994,0,1,8,1
6285,1,2,4,0
2784,0,1,7,0
5146,1,0,0,1
2384,1,2,1,0
2988,0,1,1,1
115,1,2,1,1
4994,0,1,2,1
3400,1,1,1,0
7126,0,1,1,2
3119,1,1,1,2
4374,0,1,1,0
3787,0,1,1,1
5144,1,1,1,0
2819,1,1,6,0
3733,0,1,1,0
5597,0,1,1,1
5964,0,1,0,0
7030,0,1,1,1
81,0,1,1,1
3021,0,1,1,0
1972,0,2,1,0
1714,1,1,2,2
3536,1,1,2,2
4594,1,1,3,0
5391,1,1,1,1
4054,1,1,1,1
6150,1,1,1,0
1946,0,1,1,1
6944,1,1,1,0
6345,1,1,2,1
5026,1,2,3,0
3488,0,1,7,0
1610,0,2,1,0
4974,1,1,1,1
1251,1,1,0,1
694,0,0,0,1
3070,0,1,1,1
6263,1,1,1,0
6994,0,1,0,0
2867,1,0,6,0
6187,1,1,0,1
5564,0,1,1,0
3375,0,1,1,1
665,1,1,1,1
2194,0,1,1,1
4685,0,1,2,1
6212,1,1,1,2
6096,1,1,2,1
6486,1,1,1,1
1017,0,1,2,0
557,1,1,1,1
6116,1,1,0,1
4467,1,1,3,1
1207,1,1,1,0
4126,1,1,1,0
5482,1,1,1,0
4284,1,0,1,1
1510,1,1,1,0
5246,1,1,1,1
4660,1,2,8,0
3211,0,1,1,1
3630,1,0,1,1
6620,0,1,1,1
4912,0,2,1,0
266,0,1,0,1
3904,1,1,1,1
1140,1,1,0,1
3162,1,1,1,0
2111,0,2,2,1
5079,1,1,1,0
3982,1,1,1,1
1909,0,1,0,2
4381,1,1,8,0
6113,0,1,1,1
656,0,2,1,2
4819,0,1,1,0
5061,0,1,0,1
4587,1,1,8,0
998,0,2,1,0
5761,1,1,1,0
2834,0,1,9,0
2809,0,1,6,0
6089,0,1,1,1
1784,1,1,2,0
1237,1,1,0,0
5967,1,1,4,0
5471,0,1,3,0
4457,1,1,1,1
4762,0,1,0,1
5815,1,1,2,1
7068,0,2,4,0
2186,0,1,1,1
2913,0,1,8,0
1134,0,1,2,1
908,1,2,0,0
6255,0,1,2,0
3708,0,2,8,0
1303,1,1,3,1
6680,1,1,1,1
1627,0,2,4,1
4608,1,1,1,1
1522,0,1,2,0
835,1,1,3,0
358,1,0,0,1
138,0,2,1,0
299,0,1,1,1
1556,1,1,0,0
1003,1,2,1,0
382,0,1,2,1
4943,0,1,1,0
6711,0,1,1,1
6307,1,1,1,1
761,1,1,2,1
3973,0,1,1,1
5703,1,1,1,1
6777,1,1,0,1
4609,0,0,5,1
6082,0,1,1,0
4168,1,1,2,1
7034,1,1,1,0
5793,1,1,2,0
1402,1,1,1,0
820,0,0,3,1
6151,0,2,4,1
2721,0,1,9,1
1932,0,1,0,2
4340,0,0,7,1
3560,0,1,1,0
6438,0,1,0,1
6473,0,0,1,1
4915,1,1,1,0
5708,1,1,2,1
3055,1,1,1,1
6121,1,1,1,1
4624,1,0,5,0
4764,0,2,8,1
2685,1,1,6,1
3996,0,1,2,1
58,0,0,1,1
76,1,1,1,0
796,0,1,2,1
2416,0,1,1,0
2248,0,1,2,1
6389,1,1,3,0
785,1,1,0,1
1731,1,1,0,1
6969,1,1,1,0
3158,0,1,1,0
3106,0,1,1,2
123,1,1,1,1
2217,0,1,1,0
6605,1,1,1,1
3822,1,1,2,1
5168,0,0,3,0
7031,1,2,3,0
4746,1,2,3,0
6059,0,2,4,0
910,1,2,0,1
2172,1,1,2,1
1850,1,1,1,1
2309,1,1,1,1
6702,0,1,4,1
3634,1,0,1,1
1257,1,1,1,0
2495,0,2,8,1
5402,1,1,1,1
6807,0,1,1,0
3501,1,1,7,1
1178,0,1,0,1
4348,0,1,3,0
5537,1,1,3,0
5859,1,1,3,0
3650,1,1,2,0
442,1,1,1,0
5492,1,1,4,0
1399,1,0,2,1
2973,1,1,1,0
2884,1,1,2,0
1457,1,1,2,0
6739,1,1,1,0
6821,1,1,0,0
3459,0,2,1,1
1054,1,1,1,1
5896,1,1,1,0
5209,1,1,1,1
3275,1,1,1,1
5494,1,1,2,1
3699,1,1,8,0
3759,0,1,2,0
929,1,1,2,1
1415,0,2,1,0
2372,1,1,0,2
5062,0,1,4,0
1829,0,1,1,0
6639,1,1,3,0
5563,0,1,0,1
4647,0,1,1,1
5025,1,1,1,0
6565,0,1,0,0
1502,1,1,2,1
5771,1,1,1,1
1450,0,2,1,0
6050,0,1,0,0
2011,1,1,0,1
5430,1,1,1,1
3515,1,1,7,1
4865,0,1,1,0
4113,1,1,1,1
6057,1,1,1,1
6870,0,1,1,0
2606,1,1,7,2
3264,0,1,1,1
5920,1,2,1,1
5413,1,1,1,1
4511,1,1,7,1
6566,0,0,1,1
6,0,1,0,2
2980,1,1,1,1
3739,0,1,1,0
2487,0,2,1,1
3361,1,1,1,0
678,1,1,1,1
1943,1,1,1,1
4679,1,1,0,1
6589,1,1,1,0
6058,0,1,1,1
5501,1,1,1,0
6177,1,1,0,1
2607,0,1,7,2
6525,1,1,1,1
6135,0,1,0,0
6927,0,1,1,0
3134,1,1,1,1
1064,1,1,3,0
2894,1,1,7,0
4545,1,1,0,0
5493,1,1,4,0
2242,1,1,2,1
1474,1,1,0,1
6618,0,1,1,1
1889,0,1,1,1
3435,1,1,1,0
5270,0,1,1,2
1053,1,2,1,0
3705,1,1,7,0
2021,0,1,1,1
5640,1,1,0,1
5103,1,2,1,0
5513,0,1,1,1
2658,0,1,7,1
2467,0,1,2,1
5589,1,1,1,1
1130,1,1,1,0
1461,0,1,3,0
4307,0,1,1,1
6481,1,1,2,1
3365,1,1,1,1
7113,0,1,1,1
4379,1,0,2,1
3350,0,1,1,1
2968,1,1,1,0
222,1,1,0,1
6633,1,1,0,0
48,1,1,2,2
573,1,1,1,1
1236,0,1,3,0
5452,1,1,1,1
3033,0,0,1,0
6937,0,1,1,1
7046,0,1,4,0
3382,0,0,1,1
7032,1,1,1,2
2282,0,2,1,0
4851,1,2,1,0
267,1,1,0,0
1104,1,1,0,1
2305,1,1,0,1
5639,0,2,4,0
6093,0,1,1,0
1935,1,1,1,1
386,0,0,3,0
1701,1,1,2,2
1628,0,2,3,0
3585,0,1,1,0
5583,1,1,1,0
2714,0,0,7,1
5628,0,2,4,0
5091,1,1,2,1
7154,1,1,1,1
1563,0,1,1,0
3622,0,0,7,1
6733,1,2,1,1
2760,1,1,6,0
3189,1,1,1,1
4593,0,1,1,1
209,1,1,1,1
909,1,2,1,0
1289,1,1,1,1
5410,0,1,1,1
1866,1,1,1,0
1842,1,1,1,0
2497,1,2,8,1
5866,0,1,2,0
104,1,1,1,1
4522,0,1,1,1
958,0,1,0,2
1793,1,1,0,1
2088,0,1,0,2
2702,0,0,2,1
3826,0,1,1,2
5891,1,1,3,1
331,0,0,0,1
6417,0,1,1,0
7151,1,1,1,2
7158,0,1,1,2
6053,1,1,1,0
2459,0,1,1,0
1774,1,1,1,1
6952,1,1,1,0
5035,0,1,0,1
5790,0,1,0,1
5454,1,0,0,1
2686,0,1,7,1
6043,0,1,4,1
5817,0,1,3,0
6276,1,1,1,1
4901,0,2,1,0
2897,0,0,9,0
4074,1,1,1,0
1710,1,1,0,1
5515,1,1,1,0
5473,1,1,0,0
2478,0,1,0,1
5100,1,1,1,0
5386,1,1,4,1
1366,0,2,4,0
173,1,1,0,1
858,1,1,2,1
5263,1,1,1,1
5274,1,1,1,1
3524,0,1,7,1
3321,0,1,1,1
5488,1,1,2,1
6246,1,1,1,1
4482,0,1,3,0
3372,0,1,1,1
1952,0,2,4,0
3311,1,1,1,0
2492,0,1,2,1
4279,0,1,1,0
4438,0,1,1,0
2036,1,1,0,0
6851,0,2,1,0
6404,1,1,1,0
5252,1,1,1,0
3403,1,1,1,0
18,1,1,1,1
3691,0,1,3,1
5405,1,1,1,1
0,1,1,0,1
3628,0,0,1,2
5674,0,1,1,0
2174,0,2,4,1
1356,0,1,1,2
5326,0,1,2,0
6580,1,1,3,0
4325,0,2,8,1
2826,0,1,6,0
4570,1,1,8,1
396,1,2,4,0
5385,0,2,4,0
3112,0,2,1,0
182,0,0,3,1
4006,1,1,1,1
5598,0,1,1,0
5669,1,1,0,0
1812,0,1,0,0
4614,0,1,1,0
6726,0,1,1,1
5196,1,1,1,1
816,0,0,2,1
1572,1,2,4,0
5296,1,1,0,2
1800,0,1,2,1
2280,0,1,3,0
2429,1,2,1,1
3893,0,1,1,2
5671,0,1,1,0
5159,1,1,1,1
5417,1,1,0,1
4392,0,1,1,0
6182,0,1,1,2
4979,1,1,1,1
5837,0,1,1,1
1830,1,1,1,0
601,1,2,1,0
5937,1,1,3,0
5014,0,1,1,1
5138,1,1,1,1
554,0,1,1,0
1159,0,1,1,1
1213,1,1,1,1
880,1,0,3,1
1325,1,1,1,1
4393,0,1,8,0
997,1,2,2,0
700,0,0,1,0
2700,1,1,2,1
5132,1,1,1,1
1847,1,1,1,1
5259,1,1,3,1
2796,1,2,2,0
1455,0,2,1,0
6283,0,1,1,2
4180,1,1,1,1
4121,1,1,2,1
866,0,1,0,0
5478,0,1,1,1
1644,0,0,1,0
2140,0,1,1,1
4844,0,1,2,1
3520,1,1,2,0
6829,0,1,0,2
5786,0,2,4,0
1490,0,1,1,1
4582,0,1,1,1
4275,0,0,3,1
729,1,2,4,1
4750,0,1,0,1
779,0,1,1,1
2620,0,1,9,1
1936,1,1,1,0
3793,1,1,1,1
6677,0,1,1,1
6176,0,1,2,0
5101,1,1,1,0
1110,0,1,1,1
5820,0,1,0,0
2998,1,1,1,0
2394,0,1,3,1
1185,1,1,3,0
2007,0,2,1,0
193,0,1,2,1
5728,0,1,0,1
578,0,1,1,0
771,1,1,3,0
2395,0,2,1,0
7092,1,1,0,1
1846,0,1,3,0
3740,1,1,1,1
4586,1,1,1,0
6410,0,1,0,0
2073,1,2,1,1
1896,0,1,0,1
6284,1,2,4,1
3659,0,0,3,2
2379,1,1,1,0
1447,0,1,0,1
342,1,1,2,0
6312,1,1,1,1
2527,1,1,6,1
727,0,2,4,0
976,1,1,2,1
5037,0,1,0,1
3516,0,1,1,1
4669,0,1,0,0
7073,1,1,0,2
3940,1,1,3,0
1299,1,1,0,1
6575,1,1,0,1
660,0,2,1,0
1492,0,1,2,1
4813,0,1,1,1
5420,0,1,1,1
2315,0,1,0,1
6647,1,1,1,0
6592,0,1,1,0
1085,1,1,1,0
6754,0,0,1,1
3198,0,1,1,0
4837,1,1,0,0
5121,0,0,0,1
67,0,1,0,1
5694,1,1,0,1
2269,1,1,1,0
5331,1,1,0,1
6216,1,1,2,0
5646,1,1,0,1
3447,1,2,1,0
2367,1,1,2,0
4240,1,1,1,0
4772,1,2,8,0
2512,0,1,6,1
2723,1,1,6,1
6100,1,1,1,1
5561,1,1,3,1
1143,1,1,2,1
4236,0,1,1,1
6141,1,0,0,2
4423,0,1,1,0
3789,1,1,1,1
2220,1,1,1,0
2331,0,1,2,1
6369,0,1,1,1
6165,0,1,1,1
4088,0,0,7,1
1967,0,2,1,0
5606,1,1,0,1
423,0,1,1,1
6202,0,1,0,1
1904,1,1,1,0
6493,1,0,1,1
3917,0,2,1,0
3618,0,1,3,0
839,1,1,2,1
4385,0,1,1,1
141,0,1,1,0
5916,0,2,1,1
1377,1,1,2,0
3674,0,1,1,0
5570,1,2,1,0
7019,0,0,1,0
3808,1,1,7,1
1138,1,1,0,2
2257,0,1,0,1
1787,0,1,2,0
3938,1,1,1,1
4631,1,1,2,0
459,0,2,1,1
6544,0,1,1,0
948,1,1,0,2
3700,1,1,1,0
1336,1,1,2,1
5705,0,1,1,1
1602,0,2,1,0
2238,0,1,3,0
639,1,1,1,1
6912,1,1,2,0
3830,0,1,7,1
4938,0,1,1,1
6400,1,1,1,0
1070,1,2,1,1
155,0,0,1,1
2295,0,2,1,0
4552,0,2,8,0
1089,0,1,1,1
2940,1,2,2,0
6056,1,1,0,0
930,1,1,2,1
2909,1,0,6,0
4597,0,1,8,1
6567,0,1,0,1
3247,0,1,1,1
6501,1,0,0,1
5309,1,1,1,1
6339,0,1,0,1
6183,1,0,1,0
6669,1,1,1,0
1698,0,1,3,1
6735,0,1,1,1
7121,0,1,1,2
4832,1,1,1,0
3831,1,0,3,2
6522,1,1,2,0
6512,1,1,1,0
985,1,2,2,0
1821,0,1,1,1
587,0,1,1,2
6830,1,1,1,0
4960,1,1,0,2
6517,0,1,1,0
7116,0,1,1,1
4535,1,1,7,1
5686,1,1,0,1
3557,1,2,3,0
1395,1,1,2,0
264,1,1,0,1
3547,0,1,1,1
4464,1,1,1,1
6534,1,1,1,0
5045,1,1,2,1
3864,1,1,1,1
5943,0,2,4,0
2400,1,0,3,1
5170,1,1,0,1
3711,0,1,1,0
246,0,2,3,0
1594,1,2,0,1
6960,1,1,0,0
5720,0,1,1,0
923,0,1,3,1
4416,0,1,7,0
669,1,1,1,1
3604,1,1,1,0
1910,0,1,1,1
4983,1,2,2,0
3958,0,2,3,0
2696,1,1,6,1
2591,1,1,2,2
1781,1,1,0,1
3013,0,1,1,0
2307,1,1,0,1
4269,0,1,8,1
3690,1,0,2,0
687,0,1,0,0
612,1,2,1,1
3200,1,0,1,2
2267,1,1,1,0
6865,0,1,1,1
5440,1,1,1,1
1898,0,1,1,0
4519,0,1,1,1
258,1,1,2,1
2924,0,1,2,0
2822,0,0,6,0
3339,1,1,1,0
3525,0,1,1,1
2285,0,1,1,1
484,1,1,1,2
2211,0,0,1,1
4424,0,2,1,0
2555,0,1,2,1
7,1,2,0,1
3657,0,1,1,1
6068,0,1,1,0
2426,1,1,0,1
1814,0,1,3,0
2274,1,1,2,1
1011,1,1,2,2
4838,1,1,1,0
1067,1,2,2,2
1991,0,2,1,0
3970,0,2,1,1
5082,1,2,4,0
3867,0,2,1,1
6387,1,1,3,0
3048,1,1,1,1
781,0,1,3,0
6950,1,1,1,0
1749,1,1,0,1
2791,0,1,6,0
1091,0,1,1,0
4936,0,1,1,1
6098,1,1,4,0
6162,0,1,1,1
2608,1,1,2,2
5873,0,0,3,2
2290,1,1,2,1
1727,1,1,1,1
610,1,2,1,1
343,1,2,4,0
5834,1,1,1,0
3750,1,1,1,1
3215,0,1,1,1
97,0,1,2,1
4487,0,1,7,1
1537,0,1,1,1
3588,0,1,7,1
3648,0,1,8,1
5702,0,1,1,1
4417,0,2,1,1
1517,1,1,1,1
6300,0,2,4,0
4272,0,1,1,1
3669,1,1,7,1
2090,0,1,0,1
572,1,1,1,2
6507,1,0,1,1
5945,0,0,0,1
3062,1,1,1,1
4527,1,0,2,1
5278,1,1,3,1
4630,0,1,1,1
4981,0,1,1,1
370,0,2,4,0
1938,0,1,1,1
7010,1,2,0,0
6180,0,1,0,2
3670,1,1,7,0
3652,0,0,2,2
2361,0,1,1,0
4260,1,1,1,0
4449,0,1,1,0
6452,1,1,1,1
3737,0,2,1,0
5076,1,1,0,2
4927,0,2,8,0
4959,0,0,1,2
1171,1,1,0,0
4652,1,1,0,1
1422,1,1,1,0
6423,0,1,4,0
6301,0,1,3,0
4694,1,0,1,1
874,1,1,0,2
2297,1,1,1,1
2643,0,1,2,1
6203,1,1,4,2
840,1,1,0,2
581,0,1,1,1
204,1,1,1,1
1641,0,0,0,1
2014,1,1,1,0
3253,1,1,1,1
6372,1,1,2,1
905,1,2,0,1
631,0,1,1,2
5070,1,1,0,1
4584,0,1,2,0
1974,0,2,4,0
162,1,1,2,1
4879,0,1,2,0
6431,0,2,3,0
4546,0,2,1,0
875,1,0,0,1
1431,1,2,1,0
6032,0,1,1,0
5558,0,1,1,1
5367,0,1,3,1
2856,0,1,6,0
1861,1,1,1,1
2659,1,1,7,1
3384,1,0,1,1
6572,0,1,1,0
4728,0,1,1,0
3331,0,1,1,1
5860,0,0,2,2
5382,1,1,1,0
4984,1,0,0,1
2096,0,1,1,0
2003,0,1,5,0
546,0,1,1,0
1449,0,1,1,0
4953,1,1,1,1
2610,1,0,6,2
1900,0,1,2,0
6366,0,1,0,1
2757,1,2,6,0
1885,1,1,2,2
6921,0,1,1,1
2097,1,1,2,1
6227,1,1,1,1
6430,0,1,1,2
836,1,1,2,1
3471,1,1,1,1
6797,0,1,0,0
2171,1,1,4,1
6153,1,1,1,0
6097,0,1,1,1
398,1,2,4,0
2010,1,1,1,1
6878,1,1,1,0
1283,0,1,1,1
5036,0,1,1,1
5228,0,1,4,1
4256,1,1,5,1
1836,1,1,0,0
1019,1,1,1,0
1326,1,1,2,2
5756,0,1,1,0
475,0,2,1,0
2810,1,1,2,0
5372,1,0,1,0
1651,0,1,3,2
6643,0,1,1,0
6120,0,1,1,1
2528,0,1,6,1
1206,0,1,1,1
4645,0,1,1,1
5507,0,1,1,1
4504,0,1,3,0
867,0,1,0,2
2974,1,1,1,0
541,1,1,1,1
1132,0,1,2,1
7000,1,2,4,0
3390,0,1,1,1
5143,0,2,4,0
2962,0,1,9,0
4155,0,1,2,1
3259,0,0,1,2
4641,1,1,1,1
7071,1,1,3,0
2583,0,1,6,2
2813,1,1,6,0
5556,0,1,2,0
6204,1,1,1,1
4919,0,2,8,0
3586,1,1,7,1
4677,1,1,1,0
6094,0,1,3,0
2630,1,1,2,1
5738,0,1,1,1
4553,1,1,2,0
1080,1,1,1,1
4283,0,1,2,0
2085,1,2,1,1
2452,0,1,1,1
2023,1,1,2,0
5500,0,1,0,0
226,0,2,3,1
1013,0,1,3,1
1929,0,1,3,1
5040,0,1,1,1
1404,0,2,3,0
2179,1,1,0,1
697,1,2,3,2
1124,1,1,1,1
3895,1,1,1,0
1778,0,1,1,1
4558,1,0,0,1
2634,0,1,9,1
3489,0,0,3,0
1037,1,2,3,1
2256,0,1,1,1
6041,1,1,0,1
7079,0,1,1,0
313,0,1,1,1
2649,0,2,8,1
2281,1,1,1,1
5125,1,1,1,1
2547,1,1,6,1
2159,1,1,1,1
3137,0,1,1,1
5952,0,1,4,2
3967,0,1,1,0
1428,0,1,0,0
6510,1,1,2,0
2520,1,0,9,1
5099,0,1,0,0
5286,1,0,0,1
448,1,1,1,1
4507,0,1,3,0
1284,0,1,1,1
3727,1,1,1,0
361,0,1,0,0
5773,0,1,1,1
5710,1,1,0,0
2460,1,1,0,0
22,0,1,0,1
2066,0,2,1,1
1653,1,1,2,2
702,1,1,3,0
5178,0,1,0,1
2743,1,1,6,0
1376,1,1,1,1
5823,1,1,1,0
2468,1,2,3,0
3754,1,1,3,0
2325,0,2,0,0
460,0,2,1,0
4183,0,2,8,1
4082,0,1,1,1
1486,0,1,3,0
3678,1,1,2,1
282,0,2,1,0
4308,0,1,1,1
3537,0,1,7,1
5022,0,1,1,1
2581,1,1,2,2
1368,0,1,1,1
6455,0,1,1,1
5337,1,1,1,1
597,1,2,1,1
4351,1,1,3,1
5819,1,1,1,1
7109,0,1,1,1
6744,1,1,2,0
6926,1,1,1,1
3468,0,1,1,0
5934,1,1,0,1
2990,0,2,1,0
6368,0,1,1,0
2544,0,1,6,1
5314,0,1,0,0
5238,1,1,0,0
4066,1,0,1,1
3988,0,1,7,1
6917,1,1,1,0
685,1,1,0,2
4556,1,1,2,1
3243,0,1,1,0
5542,0,1,1,0
4083,1,0,1,1
2837,0,2,9,0
3697,0,2,1,0
4040,1,1,1,1
2230,1,1,1,0
5221,1,1,2,1
2320,1,2,4,0
521,0,1,1,1
522,0,1,1,0
5594,0,1,1,0
5767,0,1,2,2
6060,1,1,0,1
5400,1,1,3,1
780,1,1,1,1
5605,0,1,1,0
5528,1,1,3,0
651,0,2,1,0
5333,1,1,3,1
2196,1,1,0,1
369,0,2,3,0
4687,0,1,1,1
4214,0,1,1,1
377,1,2,4,0
5023,1,1,0,1
2216,0,2,1,0
6225,0,1,1,0
1613,0,2,0,1
6424,1,1,0,0
3632,1,1,1,0
962,1,1,0,2
6443,1,1,1,1
6715,1,1,3,1
5455,1,1,1,1
359,0,1,2,0
3839,0,1,7,1
4782,1,1,8,1
1246,0,1,1,1
4986,0,1,1,1
3694,1,1,7,1
6048,1,1,2,1
2567,0,1,2,1
3423,0,2,1,0
2037,1,0,3,2
772,0,1,2,0
6579,1,2,1,1
3562,1,1,7,0
6774,1,2,2,0
6542,1,1,1,1
4730,0,1,1,0
4531,0,1,1,1
1674,1,1,2,1
365,0,0,3,0
4693,0,1,0,0
4625,0,2,8,0
4327,1,1,7,1
147,0,1,0,0
6291,1,0,0,2
3088,0,1,1,1
5652,1,1,4,1
407,0,2,4,1
6609,0,1,1,1
3456,1,1,1,1
4182,0,1,1,0
3576,0,2,1,0
3271,1,1,1,1
1031,0,2,1,0
5362,1,1,1,1
855,1,1,3,0
3926,0,1,8,0
78,0,1,1,1
2247,1,1,0,2
6149,0,1,2,1
6536,1,1,1,1
6582,0,0,0,1
5969,1,1,1,0
788,0,1,3,1
2279,0,2,1,1
4095,0,1,1,0
3897,1,1,1,1
4655,0,1,1,1
5948,1,1,0,1
3631,1,1,7,0
5356,0,1,1,1
424,1,2,1,0
392,1,2,4,1
5339,1,1,3,0
6757,1,0,0,1
4200,1,1,1,2
2672,0,2,8,1
6547,1,1,1,0
4830,1,1,1,0
3493,1,1,8,0
1459,0,2,4,0
5162,0,1,1,1
4739,1,1,0,0
3835,1,1,1,1
5543,0,2,1,1
6814,1,1,4,1
5559,1,1,1,1
2355,1,1,1,0
2442,0,1,0,1
6568,0,1,1,0
5572,0,1,1,0
464,1,2,1,1
163,1,1,2,2
6218,1,1,1,1
6411,1,1,1,0
6861,1,1,0,1
7100,0,1,1,1
2009,0,1,1,0
3084,0,1,1,0
900,1,2,3,1
5608,0,2,3,0
2293,0,2,1,0
4481,1,0,8,1
4605,1,1,2,0
3716,0,1,1,0
5942,1,1,1,1
1764,1,1,2,1
1549,0,1,3,0
3029,0,1,1,0
5404,1,1,2,1
2044,0,2,1,1
767,0,1,0,1
1508,1,1,0,1
6957,1,1,1,1
4517,1,1,2,1
4219,1,0,7,2
6003,0,2,4,1
4678,0,1,0,0
3292,1,1,1,0
819,1,0,3,1
1403,1,1,1,1
1382,0,1,1,0
2148,1,1,0,2
1638,1,2,4,0
6885,1,1,1,0
399,1,2,4,0
882,1,0,2,1
3565,1,1,2,1
6840,1,1,1,1
1179,0,1,1,0
4244,0,1,7,1
4878,1,1,2,0
2130,0,2,1,0
456,0,2,1,1
1950,1,2,1,0
689,1,0,5,1
5662,0,1,1,0
1953,0,2,4,1
2710,0,1,6,1
5307,0,2,4,1
4349,1,1,1,1
6214,1,1,4,1
1884,0,1,1,0
5388,1,2,1,0
6326,1,0,1,1
2494,0,1,6,1
3036,0,2,1,0
3603,1,1,7,1
845,1,1,0,2
542,0,1,1,1
3724,0,1,3,0
4187,1,1,7,0
3679,0,2,1,1
5721,1,1,2,1
5861,1,1,3,0
4908,0,2,1,0
2964,1,1,1,0
2529,1,1,7,1
1048,1,2,1,1
1960,0,2,1,0
2530,1,1,6,1
5265,1,1,1,0
237,0,2,4,2
1133,0,1,1,1
5926,0,1,1,1
4259,1,1,1,1
5284,1,1,1,1
6167,0,1,1,1
5521,0,1,1,0
2978,0,0,1,0
5673,0,0,1,0
6955,0,2,1,0
5346,0,1,1,0
3919,0,1,7,0
3138,1,2,1,0
6388,0,1,3,0
4073,1,1,2,2
6152,1,1,2,2
3229,0,2,1,0
1826,0,1,3,0
593,1,2,1,0
2725,0,1,7,1
4137,0,1,7,1
560,0,1,1,1
5614,0,1,0,0
5030,0,1,2,1
243,0,1,0,1
4437,1,0,1,2
4955,1,1,2,1
405,0,1,0,2
1442,0,1,2,1
261,1,1,2,1
5527,1,1,0,0
6529,1,1,1,0
1689,1,1,3,1
1725,0,1,2,1
2496,0,1,8,1
4956,0,1,1,1
340,1,1,0,0
4988,1,1,2,1
1601,0,2,4,1
4576,1,0,1,1
3725,1,1,1,1
7091,1,0,1,1
2785,1,1,6,0
1523,1,1,1,1
5329,1,1,4,0
6354,1,2,3,1
6631,1,1,4,1
1766,1,1,0,2
7064,1,1,4,1
4037,1,1,1,0
5663,1,1,2,0
5805,1,1,2,1
6693,1,1,1,2
363,1,1,2,1
7083,1,1,1,0
6440,1,1,1,0
4725,1,0,0,1
4443,1,1,2,1
5711,0,1,0,1
6610,0,1,1,0
2562,0,1,8,1
4999,0,1,1,0
6562,1,1,1,0
6645,1,1,2,0
3083,1,1,1,0
6594,0,1,1,0
2102,0,2,1,0
632,0,1,1,1
2493,0,0,7,1
2665,1,1,2,1
5185,1,1,1,0
4406,1,1,7,1
6011,1,1,1,1
5075,0,1,1,0
2334,0,1,1,0
5489,1,1,3,0
3619,1,1,1,1
3883,0,1,2,0
5540,1,1,1,0
4211,0,1,1,0
1494,0,1,0,1
2401,1,1,1,1
3874,1,1,1,0
1232,0,1,1,1
2661,1,1,6,1
2817,1,1,2,0
6539,1,1,2,2
5689,1,1,1,1
4153,1,2,8,2
5330,1,1,0,0
3061,0,1,1,0
6123,1,1,0,1
7084,0,1,0,1
1735,1,1,0,1
2823,1,2,8,0
5461,1,0,3,1
6745,0,1,1,0
2475,1,2,1,1
2564,1,1,6,1
6033,1,1,3,1
6820,1,1,2,1
707,0,1,2,2
3046,0,1,1,1
6114,1,1,2,1
6346,1,1,1,1
72,1,1,0,1
4448,0,1,7,1
6696,1,1,0,1
1190,1,1,0,2
2601,0,1,2,2
1125,1,1,0,1
1241,1,1,2,0
6414,1,1,2,1
5911,1,1,1,0
5368,1,0,2,1
3351,1,1,1,2
4008,1,0,2,1
1577,0,2,1,0
3906,0,1,1,0
3729,0,2,8,1
4358,0,1,2,1
1343,1,1,2,0
7143,0,1,2,2
440,0,2,1,0
1100,1,2,4,0
2637,1,0,6,1
6067,1,1,3,0
649,1,2,1,0
1546,1,1,1,0
5446,0,1,1,1
5466,0,1,4,0
2852,1,2,8,0
3503,1,1,8,0
5154,0,1,3,0
630,1,2,1,1
4768,1,1,1,1
1249,0,0,1,1
6228,1,1,1,2
482,0,1,1,1
1584,0,2,1,1
4676,0,1,0,1
1462,0,1,4,0
3040,0,1,1,0
5509,1,1,1,2
3273,0,1,1,1
3683,1,1,2,1
4145,1,1,1,1
5041,1,1,0,1
3225,1,1,1,1
1072,0,1,2,0
4815,0,1,1,1
2631,0,1,6,1
1660,1,1,1,1
2425,1,1,1,1
6039,1,1,4,1
5441,1,1,0,1
3097,0,1,1,1
3976,0,1,2,0
6408,0,1,0,0
6795,1,1,0,0
5086,0,1,0,0
5680,0,1,0,0
1408,1,1,3,0
1845,0,1,3,0
1798,1,1,1,1
3957,0,2,3,0
1475,1,2,1,1
35,0,1,1,2
444,0,1,1,0
2359,1,1,2,2
3654,0,0,2,0
3179,0,1,1,1
1286,0,1,0,1
5303,0,1,2,2
4445,1,1,1,1
3416,0,1,1,1
2137,0,2,1,0
2636,1,1,6,1
4016,1,1,1,0
6916,1,1,1,1
1681,1,1,2,1
5230,0,1,1,2
1692,1,1,0,1
5841,0,1,1,2
5707,1,1,3,0
3635,0,1,1,1
372,1,2,4,0
5503,1,1,1,0
4882,0,1,1,0
6781,0,1,1,0
140,0,1,1,0
4884,0,1,8,1
4419,1,1,1,0
6666,1,2,2,0
5889,1,1,1,0
714,0,1,3,2
3188,1,1,1,1
6322,1,0,0,0
4431,1,1,1,1
5009,0,2,8,1
406,0,1,3,0
20,1,1,2,2
1004,0,1,0,1
2411,0,1,0,1
2545,1,0,2,1
2390,1,1,2,1
6908,1,1,1,1
42,1,1,2,0
2830,1,1,6,0
3371,1,1,1,0
3022,0,2,1,0
3364,0,1,1,1
4399,1,1,1,0
11,1,1,0,2
4760,1,1,1,1
1177,1,1,1,0
1947,0,2,0,0
2501,1,1,6,1
2863,0,1,6,0
3865,1,1,1,1
1026,0,1,1,2
3848,0,1,1,1
2989,1,1,1,0
961,1,1,0,1
2889,1,2,6,0
3015,0,1,1,0
3338,1,1,1,0
5055,1,1,2,1
735,1,2,1,0
4400,1,1,7,1
1440,0,1,3,0
2875,0,2,8,0
3986,0,1,8,0
916,1,1,3,0
5978,0,1,1,0
5591,1,1,0,1
4089,1,2,1,0
6612,0,1,0,0
5599,1,1,1,1
2772,0,2,9,0
1624,0,2,3,0
5682,1,1,4,0
821,1,0,2,1
1367,0,2,4,1
3712,1,1,1,0
6433,0,0,1,0
850,1,1,0,2
1000,0,2,3,0
5602,0,0,0,1
4114,0,1,3,0
1637,1,2,4,2
1667,0,1,2,1
4589,1,1,0,2
3173,1,1,1,0
5451,1,1,1,1
1347,0,1,0,2
6707,1,1,0,1
3230,1,1,1,1
5853,0,1,3,0
5505,0,1,1,0
4783,0,1,1,1
3232,1,2,1,0
5862,0,1,1,0
703,0,1,3,0
5712,1,1,0,2
3291,0,0,1,0
3673,0,1,1,1
2408,1,2,1,1
1327,0,1,2,0
6661,0,1,1,0
5874,1,1,4,0
4909,1,1,1,0
4440,0,1,3,0
5985,1,1,1,1
986,1,1,1,1
6660,0,0,2,1
6495,1,1,1,1
6160,0,1,0,1
6179,1,0,3,0
4049,0,1,7,1
3485,1,1,7,1
2474,0,1,1,1
3873,1,1,3,1
1198,0,1,1,1
4181,1,1,1,0
1518,0,1,2,0
5940,0,1,0,1
1799,1,1,1,0
1014,0,1,1,1
128,0,2,1,0
1364,0,1,1,0
5510,1,1,0,1
4470,1,1,7,0
891,1,2,0,0
2793,0,1,2,0
6016,0,1,1,1
4403,1,1,1,2
6817,0,1,1,1
6144,1,1,3,0
3249,0,1,1,0
1208,0,1,1,0
3868,0,1,1,1
6767,0,2,3,1
4065,1,1,7,1
6128,1,1,1,1
1239,1,1,0,1
2289,1,1,2,1
2740,0,1,6,0
275,1,0,1,1
4585,1,0,0,2
1035,1,1,1,1
1229,1,1,2,0
1008,1,1,3,0
3828,0,1,1,1
2532,1,1,8,1
4293,1,2,8,1
1058,0,1,1,1
6137,1,1,1,1
281,0,2,1,1
1043,1,1,1,1
1316,0,1,0,1
968,1,1,0,1
2381,0,1,3,1
5718,1,1,0,0
1939,0,1,2,2
5140,1,1,1,0
1274,1,1,2,1
619,0,2,1,1
5201,1,1,2,0
1742,1,1,0,1
1390,1,2,1,0
5835,0,1,1,1
1579,1,2,3,0
1655,0,1,3,1
3568,0,1,1,0
2352,0,1,2,2
2212,1,1,1,0
7119,0,1,1,2
3178,1,1,1,1
3192,1,1,1,0
1307,1,1,1,1
575,1,1,1,1
2360,0,2,4,0
1280,1,1,0,2
5829,0,1,0,0
4957,1,1,0,1
5929,1,2,4,1
1993,0,1,1,1
2639,1,1,6,1
269,1,1,0,1
629,0,2,1,1
5302,0,2,4,1
3081,0,1,1,0
3466,1,1,1,1
6253,0,1,4,0
4396,0,1,1,1
4023,1,0,1,0
6783,1,1,1,1
2046,0,2,4,0
4356,1,1,7,1
5629,1,1,1,0
2113,0,1,2,1
27,0,1,0,1
2040,1,1,1,1
3928,1,1,1,0
6471,1,1,1,1
3216,0,1,1,0
6667,0,0,0,1
3814,0,0,1,1
129,1,1,1,0
6462,1,0,2,0
7028,0,1,1,1
4599,1,1,1,0
13,1,1,2,1
6145,1,0,0,1
4476,0,1,7,1
1525,1,1,1,1
2365,0,1,2,0
4648,0,1,0,1
3052,1,0,1,1
4005,0,1,2,0
2340,0,1,0,1
374,0,2,4,0
5219,0,1,1,1
6156,0,1,1,0
939,0,1,0,0
6852,1,1,0,0
4573,0,1,2,1
2147,0,1,3,0
3591,1,1,7,0
5665,1,1,0,0
6499,0,0,0,1
6024,1,1,0,1
3623,0,0,1,1
529,0,1,1,1
3714,1,1,1,1
4732,0,1,0,0
1269,0,2,4,0
4281,1,2,8,0
1394,0,2,1,0
4850,1,1,8,0
4009,1,1,2,0
4390,0,1,8,0
1797,1,1,2,1
2979,0,1,1,0
1441,0,2,1,0
5355,0,1,1,1
6974,1,1,1,2
3811,0,1,2,1
1273,1,1,0,1
4703,0,1,0,1
1712,1,1,1,1
955,0,1,0,1
5300,1,1,1,0
6934,0,1,1,1
7051,0,1,1,0
6574,0,1,1,1
403,1,0,3,1
2071,0,0,3,1
6801,1,1,1,0
1977,0,2,1,0
158,1,1,1,0
3888,0,2,8,0
902,1,2,4,1
352,0,0,3,0
4540,1,1,1,1
4130,0,2,8,0
754,1,1,3,0
2971,1,1,1,0
7127,0,1,1,2
2920,1,2,8,0
311,1,1,1,1
4644,1,1,0,1
661,0,2,1,1
1989,0,1,1,0
3665,1,1,1,0
306,1,1,1,1
2335,0,1,1,1
4790,1,1,1,1
2356,1,1,1,1
3702,0,2,1,0
3804,0,1,8,1
1927,1,1,1,1
6280,1,1,1,1
3427,1,1,1,1
749,1,2,4,1
3638,1,0,2,1
5210,1,2,4,1
1266,0,1,1,1
5439,1,1,0,0
6329,0,0,1,2
3595,0,1,1,0
2134,0,1,2,1
5066,0,1,1,1
4109,1,0,2,1
4969,1,2,1,1
4904,1,2,3,0
514,0,1,1,2
6402,1,1,1,0
409,1,2,4,1
5341,0,1,1,0
7133,0,1,1,1
7080,0,1,1,1
6206,0,1,4,0
207,1,0,1,1
458,0,2,1,0
2054,1,1,0,1
2430,1,1,1,1
250,0,1,2,1
6118,1,1,1,1
1107,1,2,4,1
5812,1,1,2,1
1713,1,1,1,0
3911,0,1,7,0
715,0,1,2,1
552,1,1,1,1
1439,1,2,3,0
2270,1,1,0,2
3144,0,2,1,1
6834,0,0,1,2
1925,0,1,1,0
634,0,1,1,1
316,0,1,1,0
6722,0,1,1,1
427,0,1,1,0
5312,1,1,1,0
105,1,1,1,0
3041,1,1,1,1
4238,0,1,1,0
2169,0,2,4,1
1709,1,1,1,1
89,1,1,0,1
2241,1,2,4,1
3174,1,0,1,2
5344,0,1,1,0
1949,0,2,1,0
4044,0,1,7,1
2848,0,0,5,0
1,0,1,1,1
4337,0,1,1,0
935,0,1,1,1
6133,0,1,1,1
2720,0,1,2,1
5205,1,1,0,1
591,0,1,1,0
5374,1,1,1,0
2936,1,2,6,0
2448,1,1,1,1
1576,1,2,1,0
5768,0,1,0,2
5981,1,1,1,1
213,1,2,1,2
778,1,1,1,1
3496,0,1,1,0
5624,1,1,0,0
2043,0,1,1,1
6491,0,1,0,0
1567,0,1,1,0
165,1,1,2,0
4702,0,1,1,1
3566,1,1,8,0
5484,0,1,1,1
6806,1,1,1,0
2013,0,2,1,0
273,1,1,1,0
3860,0,1,1,2
4167,1,1,7,1
5719,0,2,1,1
3788,0,1,1,0
5183,0,1,2,1
394,0,2,4,1
583,0,1,1,1
7139,0,1,3,2
6636,0,1,1,0
5890,0,0,0,1
6845,0,1,1,1
520,1,1,1,1
1763,1,1,1,1
1875,0,1,0,1
3965,1,1,1,1
3344,1,1,1,1
2253,1,1,3,1
3224,1,1,1,1
526,0,1,1,1
2946,0,2,8,0
4473,0,1,1,1
3899,0,1,7,1
692,1,0,0,1
6766,0,1,1,1
4444,1,1,1,1
3633,1,0,1,1
1050,1,2,1,0
590,1,1,1,1
519,0,1,1,1
3380,0,0,1,1
3676,0,1,1,0
5904,0,1,0,1
5179,0,1,4,0
1607,0,2,4,0
3610,0,1,2,1
6831,1,1,1,2
1809,0,1,1,1
791,0,1,2,1
792,1,1,1,1
5893,0,1,0,1
1855,0,1,1,0
1980,0,2,3,0
3233,1,1,1,0
3598,0,1,1,1
933,1,1,1,0
3963,1,1,2,1
5321,0,1,3,2
6646,0,1,1,0
4179,1,1,1,1
4026,0,1,1,1
6340,1,0,1,1
4116,0,1,7,2
988,0,0,1,1
5525,0,2,4,0
3453,0,1,1,1
6538,1,2,4,1
3778,1,1,3,0
6012,0,1,1,1
3093,0,1,1,1
3155,0,1,1,1
5069,1,2,4,0
3201,1,0,1,2
5783,1,1,0,1
1098,0,2,1,0
5950,1,2,4,0
2844,1,1,6,0
886,0,2,1,0
7065,1,1,4,0
5557,1,1,2,1
515,0,1,1,0
6606,1,1,1,1
4833,0,1,1,1
1453,1,1,2,0
3553,0,2,1,0
3609,1,1,1,0
4665,0,1,1,0
2506,1,1,6,1
2994,0,1,1,0
3999,0,1,8,0
6785,0,1,0,1
906,1,2,2,0
28,1,1,0,2
6147,1,1,0,1
2507,0,1,7,1
2428,1,1,1,0
5043,1,1,0,1
762,0,1,1,1
3747,1,1,7,1
4811,1,1,1,0
284,0,2,1,1
686,0,1,0,1
6857,0,1,3,1
2353,1,1,1,0
5766,1,2,4,0
6155,0,1,1,1
21,0,1,0,2
2752,1,1,6,0
885,1,0,0,2
917,1,1,3,0
1040,1,1,3,0
6913,0,1,1,1
1265,0,1,1,1
4579,0,1,1,0
6200,1,1,1,1
6656,1,1,1,0
277,1,1,1,0
5084,1,1,1,0
2084,1,1,0,0
1245,0,2,3,1
2382,1,1,1,1
571,1,1,1,2
1435,0,2,1,1
3902,0,2,2,0
5089,1,1,1,0
1247,0,1,1,1
5371,0,1,3,1
4681,1,1,0,0
3526,1,1,1,2
2514,0,1,7,1
1007,0,1,1,2
4770,0,1,1,1
4543,0,1,7,1
5394,1,1,1,0
6494,0,1,3,1
2064,1,2,3,0
5352,1,1,4,0
5659,0,1,1,0
1690,1,1,2,1
7027,1,1,2,0
5343,1,1,1,0
1985,0,0,3,0
294,0,2,1,0
1547,1,1,2,0
2012,1,1,2,2
588,0,1,1,1
3329,1,1,1,1
2403,0,1,2,1
2129,1,1,0,1
3998,0,1,1,1
6270,1,1,2,1
3741,1,0,7,1
3508,1,1,7,0
2719,1,0,6,1
4521,1,1,2,0
5150,0,1,3,0
6521,1,2,4,1
7003,1,2,0,0
556,1,1,1,2
4795,0,1,1,1
2469,0,1,3,0
3738,1,0,7,2
4286,0,1,1,1
5899,1,1,1,0
5289,0,0,2,2
1716,1,1,3,0
2604,1,1,2,2
5910,1,1,1,1
1704,0,1,2,1
2139,0,1,0,1
3239,0,1,1,0
2383,1,2,2,0
4311,0,1,2,1
1285,0,1,2,1
6101,1,1,1,1
6398,1,1,1,1
3930,1,1,2,1
5419,0,1,1,0
1591,0,2,1,1
6343,1,0,1,1
2162,0,2,4,0
2396,0,2,1,1
317,1,1,1,0
6426,1,1,0,1
3111,0,0,1,1
5233,1,1,1,1
6069,1,1,1,0
7140,1,1,1,1
4036,0,1,1,1
795,1,1,2,1
3020,1,1,1,1
1711,1,1,1,1
3387,1,0,1,0
36,1,1,1,1
4549,1,1,3,1
913,1,2,3,0
5295,1,1,1,1
3972,0,1,1,1
5370,1,1,4,0
4133,1,1,7,1
974,1,1,1,1
983,1,1,2,1
5852,1,1,1,1
1418,0,2,1,1
1560,1,1,1,1
4135,0,1,2,0
5714,1,1,0,1
4265,0,1,7,1
1355,1,1,1,2
6701,1,1,2,0
6788,1,1,3,1
987,0,1,1,0
2682,0,1,6,1
5047,0,1,2,1
1640,1,0,1,1
1290,1,1,1,1
3681,0,2,8,1
1380,0,2,1,0
1933,1,1,1,0
4675,0,1,2,0
6028,1,1,0,1
3160,0,0,1,2
2030,1,2,1,0
892,1,2,3,0
4876,0,1,3,0
4069,1,1,1,0
4255,0,1,1,1
2,1,1,2,0
2109,0,2,1,1
849,0,1,0,1
2737,0,2,8,2
2466,0,2,1,0
1914,1,1,2,0
1596,0,2,4,0
1913,1,1,1,0
5139,0,1,1,2
6741,0,2,4,0
2736,0,2,8,2
726,0,2,3,0
53,0,1,1,2
1796,0,1,2,1
3845,0,1,8,1
2553,1,1,6,1
2800,0,2,2,0
936,0,1,1,1
5908,0,2,4,0
824,1,1,1,1
4321,1,0,7,2
3401,0,1,1,0
1389,0,1,1,1
3564,0,1,2,0
884,1,0,2,1
5429,0,1,1,1
4867,1,2,8,0
1868,0,1,0,1
5181,1,1,1,1
10,0,1,2,1
3415,0,1,1,1
5421,1,0,1,1
1463,1,1,0,1
806,0,2,4,0
5843,0,1,4,0
5635,0,1,1,1
4068,1,1,2,1
2108,0,1,1,1
6047,1,1,1,1
7099,0,1,1,1
2234,1,1,2,0
963,1,1,0,2
4494,1,1,7,0
2632,0,1,6,1
704,1,1,3,0
431,0,1,1,1
4388,0,1,3,1
145,1,2,1,0
2033,0,1,0,1
6013,0,1,0,2
1165,1,1,1,1
3500,1,1,7,1
2050,1,1,1,0
3760,1,2,7,0
2624,1,0,9,1
4484,0,1,1,1
4435,1,1,1,2
5709,1,1,1,1
5553,1,1,2,1
4361,1,1,2,1
2424,1,1,1,1
1262,1,1,2,1
1771,1,1,2,1
3511,1,2,8,0
271,1,1,1,1
4792,1,1,0,1
7130,0,1,1,1
244,0,0,0,1
6942,0,1,1,0
4572,1,1,2,1
2032,1,2,1,1
6598,0,1,1,0
5664,1,1,1,0
813,0,2,1,1
3810,1,0,3,1
7105,0,1,1,1
5818,0,1,1,0
1804,1,1,0,0
6086,0,1,4,0
4346,0,0,3,1
2461,0,2,3,0
545,1,1,1,1
3241,0,0,1,1
738,0,2,4,0
310,1,1,1,2
3521,0,1,1,1
1131,1,2,1,0
5545,1,1,1,0
7049,0,1,0,1
4111,1,1,1,1
2769,0,2,8,0
920,1,1,2,0
6687,0,1,1,2
3587,0,1,8,0
3959,0,1,1,1
38,1,1,1,1
4459,1,1,8,0
4278,1,1,1,1
2983,1,0,1,0
5290,1,1,2,1
7145,0,1,1,2
5217,1,1,1,1
2667,0,1,2,1
3223,1,1,1,1
1182,1,1,2,0
6496,0,1,2,0
614,0,2,1,1
7029,0,1,1,1
1466,1,2,1,0
4497,0,2,3,0
3042,1,1,1,1
934,1,1,1,2
2419,0,2,0,1
5085,0,1,0,1
6460,0,1,1,1
5806,1,1,1,1
4822,0,1,0,1
826,0,1,1,1
1521,1,1,1,0
2930,1,2,9,0
4232,1,1,5,0
628,1,2,1,0
4430,1,1,1,0
3853,1,1,7,2
390,1,1,0,0
4345,1,1,1,1
6976,0,1,1,0
3990,0,1,2,1
400,0,2,4,2
4806,1,1,1,1
5135,1,1,0,1
5789,0,1,1,1
3359,0,1,1,1
46,1,0,2,2
6866,1,1,4,1
7054,1,1,1,1
3642,0,1,1,1
3726,1,0,7,1
6553,0,1,3,0
5208,1,0,2,1
5319,0,1,3,1
6946,0,1,0,0
2421,0,1,4,1
5604,0,1,0,1
1750,1,1,0,1
6919,1,1,1,1
6599,1,1,1,0
4062,1,1,7,1
338,0,1,4,0
215,1,2,4,0
3663,0,1,5,0
1341,0,1,1,0
6875,0,1,4,0
3894,1,1,7,0
3640,1,1,1,1
329,0,1,1,1
5638,0,1,1,1
3004,0,1,1,1
6835,1,1,1,1
3115,0,1,1,1
6922,1,1,1,1
2322,1,1,0,1
4197,0,1,2,1
3549,0,1,1,0
1458,0,2,1,0
171,1,1,2,2
4203,1,2,8,0
6492,0,1,0,1
3569,1,2,8,0
4226,1,1,7,1
5158,0,1,1,1
5846,1,1,3,0
5903,0,1,1,1
938,0,1,0,0
60,1,1,1,2
1240,0,2,1,0
5136,0,1,1,0
7108,1,1,1,2
2120,1,2,2,1
1524,0,1,4,0
153,0,2,1,1
481,1,1,1,2
4460,1,1,1,0
3920,1,1,2,1
1762,1,1,1,0
750,0,2,4,1
1785,0,1,2,1
5956,0,2,4,0
4501,1,1,2,0
4853,1,1,8,0
2711,0,1,6,1
6903,1,1,1,1
4193,0,1,2,1
1333,1,2,1,1
6951,0,1,1,0
2854,1,0,2,0
186,0,2,2,1
1136,1,1,2,1
2058,1,2,3,0
6007,1,1,1,0
6001,0,1,1,2
148,1,1,3,0
4124,1,2,7,0
4889,0,0,1,0
6706,0,1,1,0
3363,1,2,1,0
4788,1,2,8,1
2866,1,2,6,0
3776,1,1,1,0
1386,1,2,4,0
6763,1,1,1,0
5927,1,1,1,1
3629,0,1,1,0
6442,1,1,0,0
4797,0,1,1,0
3028,1,1,1,0
2969,0,1,1,0
6226,0,1,3,1
1708,1,1,0,0
2953,0,2,5,0
454,0,1,1,1
609,0,2,1,2
4263,1,0,3,0
4826,1,1,1,1
6072,0,1,0,0
2074,1,1,3,1
4052,0,1,7,0
5825,1,1,2,1
1622,1,2,0,0
4683,1,1,0,2
5497,0,1,1,0
6273,1,1,1,1
40,0,1,3,0
5475,0,1,1,1
2089,0,2,4,1
3924,1,1,3,1
2175,0,1,1,0
74,1,1,0,1
5735,1,1,1,0
7063,1,1,4,1
2657,0,1,6,1
3180,0,1,1,1
2076,1,1,1,1
441,0,2,1,0
2051,0,1,2,0
2541,0,1,6,1
1301,1,1,2,0
3430,1,1,1,1
1304,0,1,1,1
236,0,1,2,1
6222,1,1,4,0
2599,0,2,6,2
4616,0,1,1,0
2573,0,0,6,1
3280,1,1,1,0
3186,0,1,1,1
3953,0,1,1,0
2768,1,1,6,0
4831,1,1,1,1
4223,1,0,1,1
2106,1,1,1,1
2679,0,2,6,1
2761,1,1,6,0
4688,0,1,2,1
5399,0,1,1,1
1387,0,2,3,0
6717,0,1,1,2
6477,1,0,1,1
5762,1,0,3,2
6906,0,2,4,0
5000,0,0,1,0
1279,0,1,1,1
6900,0,1,0,1
7016,1,2,0,0
1555,1,1,3,0
6472,0,1,1,1
3190,0,1,1,1
4566,1,1,0,1
4802,0,1,1,1
6712,1,1,1,1
4841,1,0,0,1
3594,1,1,1,1
1920,1,1,1,0
513,1,1,1,2
4177,0,1,2,2
1308,1,1,1,1
5667,0,1,1,0
914,0,1,2,0
3452,1,1,1,1
3695,1,1,3,1
4242,1,1,1,0
3156,1,1,1,1
2198,0,1,1,1
774,0,1,0,1
4425,1,2,1,0
943,0,1,0,1
822,0,0,0,1
5005,0,1,2,0
4277,0,0,7,1
164,0,1,0,1
5619,1,1,1,1
4547,1,1,1,0
3983,0,1,1,1
2538,1,1,6,1
6826,0,1,1,2
1311,1,1,2,1
5207,1,1,4,0
6508,1,1,1,0
5383,1,1,1,0
5973,1,1,0,1
6641,1,1,0,0
3300,1,1,1,2
3310,0,1,1,1
327,1,1,1,0
2490,1,0,7,1
6705,0,1,0,0
4408,1,1,7,1
832,0,1,2,1
3079,0,1,1,1
3462,0,1,1,0
5297,0,1,1,1
6274,1,1,1,1
54,0,1,1,2
4064,0,1,2,0
3451,0,1,1,1
1901,1,1,0,1
1481,1,2,1,1
4873,0,1,0,0
4895,1,0,2,1
4150,1,1,1,1
3335,0,1,1,0
4926,1,1,1,1
946,0,1,0,2
3293,1,1,1,0
2161,1,2,4,1
6930,0,1,1,1
5083,1,1,1,1
6856,0,1,3,1
3057,1,1,1,2
5490,0,1,3,1
768,0,1,3,0
6728,1,2,4,1
3495,0,1,2,1
285,0,2,1,0
7076,1,2,1,0
4524,1,1,1,1
6367,0,1,0,1
2332,1,1,2,1
2717,1,2,7,1
2079,1,1,1,1
3389,0,0,1,0
722,1,2,2,1
951,1,1,2,1
6243,0,1,0,0
2262,0,0,2,1
989,1,1,2,1
3212,0,1,1,0
1759,1,1,2,1
6849,0,1,1,1
4422,0,2,1,0
5479,1,1,1,1
1724,0,1,1,1
5182,1,1,2,1
341,1,1,2,0
3701,0,1,3,1
4243,0,1,1,1
688,1,1,3,1
3432,0,1,1,1
5203,0,1,1,0
4944,0,1,8,0
966,0,1,3,0
6758,1,0,3,1
6470,0,1,1,1
2203,0,1,1,1
2713,1,1,7,1
4757,1,1,1,1
5098,0,1,1,1
6306,1,2,4,1
6548,1,1,3,0
5280,1,1,1,0
3572,1,1,1,0
4805,0,1,0,1
5299,1,1,3,1
1990,0,1,0,1
4120,0,0,3,2
4759,1,1,0,1
6583,0,1,0,1
5298,1,1,2,1
6257,1,1,3,0
4971,1,1,1,1
6782,0,1,1,1
5034,0,1,1,1
3600,1,0,2,1
6533,0,2,4,0
7128,0,1,3,1
5905,1,1,2,1
385,1,1,3,0
6248,0,2,1,0
6535,1,1,2,1
536,1,1,1,0
6675,1,1,2,1
5032,1,2,8,0
4212,1,0,1,1
3507,1,1,7,0
201,0,1,1,1
1332,0,1,1,1
3502,1,0,1,1
2708,0,1,2,1
5031,1,0,3,2
4662,1,1,0,0
4021,0,1,3,0
1854,0,1,2,0
6399,1,1,1,1
2872,1,1,2,0
3030,0,1,1,1
1205,1,1,2,2
1645,1,0,3,2
3417,0,1,1,0
3476,1,1,1,0
6029,1,1,3,1
2861,0,1,6,0
1792,1,1,1,1
5526,1,1,2,2
3797,0,1,2,1
3368,1,1,1,0
3367,1,1,1,0
3533,0,1,1,1
6281,1,1,1,0
5109,1,2,2,1
3449,1,2,1,0
603,0,2,1,0
3056,1,1,1,1
7149,1,1,1,1
126,0,1,1,0
3876,0,1,1,1
2935,0,1,6,0
5443,0,1,1,0
4451,1,1,1,1
3531,1,1,7,0
2730,1,1,6,1
827,0,1,2,1
1639,1,2,4,0
984,0,0,1,1
3281,0,1,1,0
7118,0,1,1,0
2188,1,1,2,1
6593,1,1,0,0
2443,0,1,0,1
362,0,1,4,0
2349,1,1,1,0
345,0,2,4,0
814,1,0,0,1
4807,0,1,1,1
3205,1,1,1,1
6635,0,1,0,1
6860,0,1,1,1
3325,1,1,1,0
4106,0,1,2,1
6405,0,1,1,0
2116,0,1,0,0
1834,0,1,1,0
793,1,1,2,2
7085,1,1,1,1
2674,1,1,7,1
94,0,1,1,1
4225,1,0,7,1
3756,1,1,1,0
2891,1,1,9,0
2371,1,1,0,1
5933,0,1,1,1
6344,0,1,1,1
3228,0,2,1,0
6382,0,1,3,0
2853,0,2,8,0
6624,0,1,1,1
2912,0,2,8,0
1865,1,1,3,0
5754,1,1,2,0
4612,0,1,2,0
1857,0,1,1,0
2645,0,1,6,1
2243,0,2,0,0
5373,1,1,0,0
2336,0,1,3,1
950,0,1,0,1
3068,0,1,1,0
1120,1,1,0,1
2597,0,1,6,2
2204,0,2,3,2
419,0,1,1,2
922,0,1,3,0
1254,0,1,1,1
477,1,2,1,1
2035,0,1,1,1
6588,1,1,1,0
5788,0,1,1,0
5742,1,1,1,0
5567,0,2,4,0
1202,0,1,1,1
2626,1,1,6,1
5765,0,2,4,1
6889,0,1,0,0
1970,1,2,3,0
3110,0,1,1,1
4018,0,1,5,0
2151,1,2,3,0
3687,1,1,7,1
4916,1,2,1,0
1997,1,1,1,1
4033,1,1,7,1
7020,1,0,0,1
3054,1,1,1,2
1248,1,1,1,1
2192,1,1,1,1
2712,0,1,2,1
992,0,0,3,1
2190,0,2,1,1
4670,1,1,8,0
5142,1,1,2,0
3762,1,1,7,0
3597,1,1,1,0
4711,0,1,1,1
1318,0,1,1,2
1863,0,1,0,1
2343,0,2,1,0
2449,0,1,0,1
2136,0,1,2,1
1065,1,1,1,0
5868,1,1,2,0
7103,1,1,2,0
4227,1,1,8,0
2621,0,1,6,1
77,0,0,1,1
2898,0,1,9,0
4820,1,1,0,1
1314,0,1,0,2
5947,1,1,1,1
6251,0,1,0,1
872,0,1,2,1
3850,0,1,1,1
5468,1,0,3,1
5951,1,1,2,1
6844,1,1,1,1
2965,1,0,1,1
3391,0,1,1,1
5415,0,1,1,2
2560,1,1,2,1
7011,0,1,0,1
2635,1,1,7,1
5256,0,2,1,2
3530,0,1,1,1
375,1,2,2,0
1908,1,1,1,0
4429,0,1,1,1
6195,0,1,4,0
6260,0,1,3,0
4027,0,2,7,0
1604,1,2,4,0
1118,1,1,2,0
3677,1,1,2,1
3490,1,1,2,1
6959,1,1,1,0
2958,1,1,9,0
1994,0,1,1,1
7098,0,1,1,0
6224,0,1,1,0
2376,0,1,3,1
6554,0,1,1,0
1342,0,1,2,0
320,1,1,1,1
1619,0,2,4,1
3713,1,1,1,0
6551,1,2,4,0
2060,0,1,1,1
2219,0,1,1,0
1673,1,1,1,1
260,0,1,2,1
6487,0,1,1,1
2039,1,1,1,1
4785,0,1,3,1
901,1,2,1,1
3744,0,2,1,0
2026,0,1,0,1
4234,1,0,2,2
1917,1,1,0,1
1828,0,1,1,1
1573,1,2,1,0
4415,0,1,7,1
4749,0,1,0,1
6282,0,1,1,1
4654,1,1,2,0
4208,1,0,2,1
4627,0,1,1,0
224,0,1,0,0
723,1,2,2,0
6421,0,1,1,1
1141,1,1,1,0
5529,0,1,0,0
5764,1,1,1,1
5554,0,1,4,0
6790,1,0,0,1
2762,1,1,6,0
846,1,1,0,1
4289,0,1,2,2
5560,1,1,1,0
5042,1,1,2,1
2551,1,0,2,1
5725,1,1,0,1
2928,1,1,6,0
117,1,1,1,1
645,0,2,1,2
5966,0,1,0,1
3,0,1,2,2
4170,1,2,8,1
5851,1,1,1,0
467,0,2,1,0
5,0,1,0,1
5342,0,1,2,0
919,0,1,3,0
2595,0,1,7,2
4324,0,1,1,1
1063,1,2,1,1
2590,1,0,9,2
242,0,1,0,0
6232,0,1,0,1
1160,0,1,0,0
2870,1,2,6,0
3735,1,1,1,1
7074,0,1,1,0
2397,0,1,3,1
3517,0,1,2,1
3421,1,1,1,2
2563,1,1,6,1
5622,1,1,1,1
1605,0,2,1,1
6902,1,1,1,1
2324,1,1,1,1
2709,0,2,2,1
6289,0,1,3,0
1312,0,1,0,2
3448,1,1,1,1
3812,1,1,7,1
6085,1,1,0,0
6654,1,2,1,0
2362,1,2,1,0
1975,1,2,4,0
3514,1,1,7,1
1761,0,1,0,1
5401,0,1,1,1
2739,1,2,2,0
5637,1,1,0,0
6663,0,1,1,0
2472,0,1,1,0
4007,1,1,2,1
4718,0,1,1,0
1493,1,1,0,2
4206,0,1,1,1
2158,1,1,0,1
1169,1,1,2,0
6464,0,1,2,2
232,1,1,2,1
66,0,1,1,1
1603,1,2,1,0
3283,1,1,1,0
3596,0,1,1,1
4632,0,1,1,1
125,0,1,1,1
5350,0,1,0,0
1296,1,1,1,1
1976,0,2,3,1
6465,0,1,1,1
6416,0,1,1,2
2075,1,2,1,0
4580,0,1,1,0
5750,0,1,1,0
6759,0,1,3,2
3086,0,1,1,0
6211,0,1,1,2
3345,1,1,1,0
6394,0,1,0,0
5870,1,0,1,0
2797,1,2,8,0
918,1,1,3,0
1646,0,1,0,2
5122,1,1,1,2
5126,1,1,1,0
4978,1,1,2,1
5431,0,1,1,1
4621,1,1,2,1
364,0,1,3,0
3287,0,1,1,0
2125,1,1,1,0
4123,0,1,1,0
4569,0,1,2,1
525,1,1,1,0
4821,1,0,0,1
55,0,1,1,1
638,0,1,1,0
302,0,1,1,1
2766,0,2,6,0
5811,1,1,1,1
1276,0,1,1,1
6703,1,1,1,0
4720,0,1,1,1
2055,0,2,1,0
5376,0,1,3,0
5145,0,1,3,1
4432,1,1,1,1
3644,0,1,2,1
4143,1,2,8,0
2878,1,1,6,0
4202,0,1,1,1
5175,0,1,1,0
2286,1,1,1,0
2261,0,1,1,1
5240,0,1,1,1
2296,0,0,1,2
5932,1,1,4,0
1753,1,1,0,0
5197,0,1,1,1
1968,0,2,1,1
6219,0,1,0,0
3117,0,2,1,0
2393,0,1,2,1
523,0,1,1,1
5524,1,2,3,0
3900,1,1,1,1
6980,1,1,3,1
4699,0,1,1,0
5585,1,1,1,0
6384,0,1,3,0
3122,1,1,1,1
4156,1,1,1,1
1969,0,2,1,0
671,0,1,1,1
4188,0,2,2,0
666,1,1,1,1
6201,0,1,1,0
1887,1,1,1,1
3266,0,1,1,1
280,0,1,1,1
1719,0,1,1,1
2947,0,1,8,0
4455,1,0,2,1
899,1,2,3,0
6031,0,1,0,0
6936,1,1,0,1
6090,1,1,2,1
760,0,1,2,0
1906,0,1,2,0
4042,0,1,1,1
3823,0,1,7,1
4138,0,1,2,0
3818,1,1,7,1
4300,0,1,1,0
5569,1,1,1,0
6196,1,1,2,1
2593,1,1,6,2
4164,0,1,1,1
3031,0,1,1,1
5971,1,1,1,0
3579,0,1,1,1
2832,0,1,6,0
5449,1,1,0,1
3472,1,2,1,0
137,0,2,3,2
4892,0,0,1,1
2180,0,1,2,0
2128,1,1,1,1
3177,1,1,1,1
4854,0,1,2,0
4637,0,1,2,1
5115,1,1,1,2
6750,0,1,4,1
4261,1,1,2,1
4344,1,1,1,0
1331,0,1,1,1
2017,0,1,1,1
4542,0,1,7,1
2482,0,0,1,1
1358,1,0,0,1
6241,1,1,2,0
1329,0,1,1,1
7052,1,1,1,0
2150,0,1,0,1
4530,1,2,1,0
2122,1,1,1,0
4673,1,1,2,0
3981,1,1,7,0
1252,1,1,0,1
3278,0,1,1,0
3374,1,1,1,0
2814,1,1,2,0
4719,1,1,1,0
1848,1,1,0,1
4858,0,1,8,0
3037,1,1,1,1
388,1,0,2,1
235,0,1,4,0
1077,1,1,1,0
1984,0,0,1,1
4363,0,1,7,1
3962,0,1,1,1
770,1,1,0,0
2165,1,1,1,0
4533,1,1,1,1
673,1,1,1,1
249,0,1,2,0
1574,1,2,1,1
6238,0,1,0,1
3419,1,2,1,0
2081,1,1,1,1
1823,1,1,1,1
6621,0,1,1,0
6843,0,1,1,0
4544,1,1,0,0
5565,0,1,1,0
716,1,2,4,0
6385,1,1,3,0
6678,1,1,2,1
2048,0,1,1,0
5997,0,2,4,2
5264,0,1,1,1
4178,1,1,2,1
4809,1,2,8,1
2724,1,1,6,1
6469,1,1,1,0
1460,0,1,0,1
5989,1,1,2,0
1668,0,1,0,1
2756,0,2,6,0
2000,1,1,3,0
4571,1,1,1,0
4613,0,1,2,0
404,0,1,2,2
384,0,2,2,1
6428,1,1,2,1
2152,1,1,1,1
1633,0,2,4,0
6558,0,1,1,0
5580,0,1,1,0
4784,1,1,3,1
3925,1,1,7,1
5336,0,1,1,1
4158,0,1,2,1
4948,0,1,2,1
5898,1,1,2,0
5358,0,1,0,0
223,0,1,3,0
2193,1,1,3,0
3136,1,1,1,1
4469,1,1,1,0
1824,0,1,1,0
6576,0,1,0,1
5124,0,1,1,2
4972,0,1,2,1
797,1,1,2,2
2871,0,1,6,0
9,1,1,1,1
1944,0,1,2,1
1838,0,1,0,1
4804,1,1,0,2
255,1,1,2,1
5713,0,2,4,1
4485,1,1,3,1
6451,1,1,1,1
1581,0,2,1,0
2956,0,1,6,0
924,1,1,2,1
6341,1,0,1,1
2508,0,1,6,1
6132,1,1,1,1
5024,1,1,1,1
5320,1,1,1,1
6042,0,1,0,1
3775,1,1,1,2
4835,0,2,8,0
4136,0,1,1,1
4964,0,1,1,2
2779,1,1,6,0
539,0,1,1,1
2745,0,2,6,0
6435,1,1,2,1
6537,0,1,1,1
5467,1,0,0,1
1145,0,1,1,1
5127,0,1,2,0
4468,1,1,1,0
667,1,1,1,1
3019,0,1,1,1
357,1,1,2,0
5063,1,1,0,0
2831,0,1,2,0
2783,1,1,7,0
1353,0,1,1,1
5131,1,1,0,0
470,1,1,1,0
2703,0,1,6,1
3330,0,1,1,1
3637,0,2,8,0
1396,0,1,1,1
3584,0,1,1,0
6422,1,1,1,0
5262,1,1,3,1
5645,0,1,1,0
3376,1,1,1,0
1256,0,1,1,1
6190,0,1,0,1
3512,1,1,7,1
5651,1,1,1,0
5778,0,1,1,1
1250,0,2,4,0
5795,0,2,1,1
5348,0,1,2,0
6877,1,1,1,0
4298,0,0,1,1
3284,0,1,1,1
2933,0,1,6,0
4175,0,1,1,1
5268,1,0,1,2
4910,1,1,2,0
1852,1,1,1,0
6316,0,1,1,0
6695,0,1,1,1
6965,0,1,1,1
2105,0,1,1,1
133,1,1,1,0
5236,1,0,0,1
5029,0,0,1,1
928,0,1,2,1
823,1,0,2,1
6504,1,1,1,0
1531,0,1,4,0
1214,1,0,3,1
504,0,1,1,1
4285,1,1,1,0
1996,1,1,2,1
3072,0,1,1,0
1958,1,2,3,1
1384,1,1,2,0
894,0,2,4,0
4924,0,1,1,0
455,0,1,1,1
5779,1,2,4,1
6629,1,1,1,1
3709,0,2,8,0
6604,1,1,1,1
4849,1,1,0,0
4748,1,1,2,1
4268,1,1,2,0
3522,0,2,8,1
4134,0,1,1,0
3602,1,1,1,0
6996,0,1,1,0
713,0,0,0,2
4186,0,2,8,0
2214,0,1,0,2
5301,1,1,1,1
2923,1,1,6,0
1810,1,1,3,0
3486,1,2,8,0
3141,0,1,1,0
1827,1,1,1,0
1155,1,2,1,1
1324,1,1,2,1
4312,1,1,8,0
510,1,1,1,2
1680,0,1,1,0
499,1,1,1,1
6490,0,2,4,0
1856,0,1,1,1
1388,1,2,2,1
5615,0,1,1,0
3719,0,1,1,1
2386,1,1,3,1
5541,1,1,1,1
3236,1,1,1,0
6172,1,1,2,1
1540,1,1,1,0
1217,0,1,2,1
2681,0,1,6,1
2993,1,0,1,1
5512,1,1,1,1
6313,1,1,1,0
1191,1,0,2,2
5772,0,1,0,0
5293,1,1,3,1
1542,1,1,1,1
3301,0,1,1,1
3324,1,1,1,0
2539,1,1,6,1
953,1,1,2,1
4846,0,1,2,1
4330,0,1,1,1
732,1,2,1,0
7152,1,1,1,2
1156,1,1,1,1
6987,1,1,0,0
3294,0,1,1,0
2982,0,1,1,1
5305,1,1,3,0
5161,1,1,1,1
2156,1,1,2,1
1062,0,1,1,1
2616,0,1,7,1
1167,1,1,2,2
3222,0,2,1,1
3636,1,1,7,0
5588,1,2,0,0
2938,0,1,9,0
4491,1,1,2,1
3140,0,1,1,0
4980,1,1,1,0
143,0,2,3,0
7093,1,1,1,1
3577,1,0,1,0
4946,1,1,2,0
2782,0,1,6,0
717,1,2,3,1
1819,0,1,1,1
2502,0,1,6,1
4360,0,0,3,2
4171,0,1,7,0
395,1,2,4,1
5731,0,1,2,1
6320,0,1,1,0
6918,0,1,3,1
4492,0,1,1,1
1365,1,1,0,0
6523,1,1,1,1
5999,1,1,2,2
595,1,2,1,0
6205,1,2,4,0
3952,1,1,1,1
5392,1,1,1,1
5917,0,1,3,1
4968,0,1,1,1
2914,0,2,6,0
7053,0,1,0,1
2326,1,1,1,0
5644,1,1,1,0
3766,1,1,7,0
3440,1,1,1,1
3851,1,1,1,2
4132,0,1,1,1
6563,0,1,1,1
2143,0,1,2,1
6601,1,1,0,0
5073,0,1,1,1
1571,1,2,1,0
4079,0,1,7,1
1122,1,1,1,1
2786,0,1,9,0
6335,0,1,1,1
2967,0,1,1,1
2504,0,1,7,1
5988,1,1,2,0
3465,1,1,1,1
675,0,1,1,1
2808,1,0,6,0
3348,0,1,1,1
728,0,2,4,0
412,1,0,3,0
3146,0,1,1,1
1516,0,1,1,1
5745,0,2,4,0
825,1,1,0,1
3267,0,1,1,1
3974,1,1,1,1
616,1,2,1,1
114,0,1,1,1
417,1,0,3,1
3069,1,1,1,1
1625,1,2,4,0
7090,1,0,0,2
4185,0,1,1,0
2896,0,2,6,0
6681,0,1,1,1
2082,1,1,1,1
753,0,1,0,1
2546,0,1,2,1
3969,1,1,8,0
3373,1,1,1,0
5726,1,1,2,1
4107,1,1,2,0
2444,0,2,1,0
4380,0,1,3,0
1066,1,1,0,2
3913,0,1,1,0
5287,1,1,1,1
5536,1,1,1,0
5387,1,2,1,1
5732,0,1,1,1
3498,1,0,1,0
2738,1,1,7,2
5052,1,2,0,0
4000,1,0,1,1
1568,1,2,2,0
2427,1,1,1,1
3746,0,1,5,1
6632,0,1,1,1
1687,0,1,1,1
851,1,1,0,2
3546,1,2,8,1
6303,1,2,4,0
895,1,2,4,2
4592,1,1,1,1
6401,1,1,1,2
5878,1,2,4,0
335,0,0,1,1
2839,1,2,6,0
3087,0,2,1,1
4611,1,0,0,1
1348,0,2,4,0
1015,1,1,1,2
2816,1,2,8,0
1631,0,2,4,1
2489,0,1,6,1
3730,0,2,7,1
3251,1,1,1,1
6626,0,1,1,1
5877,1,1,1,0
5881,0,0,2,1
2070,1,1,3,0
4452,0,0,7,1
6988,1,1,0,0
5408,0,1,1,0
1635,0,2,1,0
4646,0,2,8,1
6484,0,1,1,1
2479,0,1,0,1
2265,0,1,2,1
2959,0,1,6,0
5323,0,1,4,0
6764,1,1,1,1
3059,0,1,1,1
5053,1,1,3,0
5869,0,1,1,0
2141,0,1,1,1
5104,0,1,1,1
3118,1,1,1,0
5188,0,2,4,0
7009,1,1,1,1
4045,1,1,1,1
3356,1,1,1,0
2744,0,1,6,0
5092,1,1,1,1
3506,1,2,8,0
1679,0,1,3,0
4249,1,1,2,1
3147,0,1,1,0
2294,0,2,4,0
580,0,1,1,1
1470,1,2,1,0
4799,0,1,1,1
4070,1,1,1,1
5308,0,1,1,1
3343,1,0,1,2
4992,0,2,2,1
4583,0,1,2,2
3672,1,1,1,2
559,0,1,1,1
5237,1,0,1,1
5215,0,1,1,1
2849,1,1,7,0
512,1,1,1,1
4729,1,0,2,1
1081,1,1,2,1
1664,0,1,0,2
1012,0,1,0,1
1931,0,1,2,0
1150,0,1,0,0
2838,0,2,8,0
5949,1,1,1,1
116,0,1,1,1
740,1,2,4,0
6874,1,1,1,0
6070,1,1,3,0
5177,1,1,1,1
3675,0,2,1,1
5906,1,1,0,1
830,1,1,0,0
119,0,2,1,1
4752,1,1,1,0
6832,1,0,1,1
6778,0,1,0,0
7078,0,1,1,0
635,0,1,1,1
4465,0,1,8,0
4364,1,1,1,1
4142,0,1,2,0
991,1,1,1,1
876,1,0,2,1
4869,0,1,1,0
5315,1,1,0,1
5222,0,1,0,1
4,0,1,3,2
3051,1,1,1,1
5691,1,1,3,1
3124,1,1,1,1
6407,0,1,1,0
2660,0,1,7,1
2491,0,1,6,1
5173,0,2,4,1
3854,1,1,7,1
4933,1,1,2,0
4777,1,1,1,0
1715,1,1,2,0
6448,1,1,1,1
6457,0,1,1,1
6293,1,1,1,0
1148,0,1,0,1
3261,1,1,1,1
574,1,1,1,1
3769,0,1,7,1
3736,0,1,1,0
4146,0,1,1,0
853,1,1,2,1
1982,1,0,1,1
2774,0,2,8,0
5919,0,2,4,1
4929,1,2,8,0
5211,0,1,4,0
1166,0,1,0,2
6614,0,1,1,1
6002,1,1,1,2
971,1,1,0,1
2701,1,0,2,1
4495,0,2,2,0
6655,1,1,1,0
3847,0,1,1,1
2368,1,1,2,1
4115,0,1,3,0
4780,1,1,0,1
4131,0,1,5,1
2950,1,1,6,0
5625,0,2,4,0
524,0,1,1,2
2455,0,1,1,0
5016,0,1,1,0
1841,0,1,2,0
5986,1,1,1,1
537,1,1,1,0
2806,0,0,2,0
5801,1,2,4,1
5596,1,1,0,1
4341,1,1,2,1
3175,0,1,1,1
784,1,1,3,0
4057,0,1,1,1
1409,1,1,0,0
2537,1,1,7,1
154,0,2,1,1
3009,1,1,1,1
1686,1,1,2,2
2901,1,2,8,0
7089,1,0,0,2
4721,1,1,1,0
3863,0,1,1,1
2733,0,0,9,2
1895,0,1,0,1
5442,0,1,1,1
569,0,1,1,1
6709,0,2,4,1
5854,1,1,1,1
1816,0,1,3,0
2065,1,2,2,0
127,0,2,0,1
3394,1,1,1,1
3327,1,1,1,0
7135,0,1,1,0
6102,1,1,0,1
2975,0,1,1,1
980,0,0,0,1
2300,0,1,0,1
190,0,1,3,1
1139,1,1,1,1
5088,1,2,4,0
699,1,1,0,1
6833,0,1,0,0
606,0,2,1,0
4276,0,0,8,1
301,1,1,1,1
6640,1,1,1,0
3420,0,1,1,1
6891,1,1,0,1
1060,1,1,0,1
6948,0,1,1,0
7015,1,1,2,0
2565,0,1,2,1
7148,0,1,1,0
1069,0,1,1,1
2524,0,0,2,1
2205,1,1,1,0
1243,1,1,2,2
16,0,1,1,2
3120,1,1,1,1
7138,0,1,1,1
4642,1,1,1,1
4754,0,2,1,0
815,0,0,1,1
3067,0,1,1,0
6838,1,1,0,1
5600,1,1,0,1
959,1,1,0,1
6427,0,1,1,1
4893,0,0,1,1
225,1,1,0,0
6170,0,1,2,1
3354,0,2,1,1
5895,1,1,1,0
2485,0,1,0,1
562,0,1,1,1
3436,1,1,1,1
6373,0,1,1,1
6181,1,1,2,1
1693,0,1,1,1
1045,0,1,0,1
3446,0,1,1,1
4565,1,1,1,0
954,1,1,3,1
7134,0,1,1,2
2735,1,0,2,2
7021,1,0,2,1
4735,0,0,2,0
6894,1,1,1,0
1218,1,1,1,1
5254,1,1,0,1
5511,0,1,1,1
6808,1,1,1,0
1527,0,1,1,0
3987,1,1,7,1
7066,0,2,4,0
1300,1,1,2,0
7002,1,1,1,0
5699,0,1,1,1
160,0,2,1,1
4067,0,1,2,0
5800,0,1,3,0
956,0,1,0,1
3791,1,1,1,1
3234,0,1,1,1
2869,0,2,6,0
3777,0,1,1,1
4433,0,0,1,1
4973,1,1,1,1
6015,0,1,4,1
2961,1,1,6,0
5980,0,1,1,0
2200,1,1,3,0
98,0,1,0,1
6958,1,1,1,1
2557,0,1,6,1
3183,0,1,1,1
253,0,1,0,0
3923,1,1,7,0
4199,0,1,1,1
1445,0,2,1,0
5539,0,1,1,1
1648,0,1,2,0
4682,1,1,1,1
4723,1,1,1,1
3991,1,1,7,1
1696,1,1,2,1
3191,1,1,1,0
6197,0,1,0,2
6295,0,1,0,1
4499,1,1,2,0
1154,0,1,1,1
2255,1,1,1,0
1682,0,1,0,0
3170,1,1,1,2
2056,1,2,1,0
4090,1,1,1,1
6979,0,1,1,2
3108,0,0,1,1
4548,1,1,3,0
3723,0,1,1,1
6397,1,1,0,2
5423,0,1,0,0
2049,0,1,1,0
4976,1,1,1,1
3643,1,1,1,1
7061,1,1,4,1
623,0,2,1,1
6489,1,1,0,1
6886,1,1,2,1
5883,0,2,4,0
262,0,1,3,1
5730,1,1,2,1
3369,1,1,1,1
4061,1,1,1,1
5534,0,1,3,0
6294,1,1,1,0
6065,0,2,0,1
6616,1,1,1,1
1802,1,1,1,0
4736,0,2,1,0
7146,1,1,1,1
2385,1,1,0,1
6694,1,1,0,1
5759,1,1,0,1
1959,0,2,1,1
2976,1,1,1,1
488,1,1,1,1
1843,1,1,2,1
1734,0,1,0,1
2911,1,1,2,0
3219,0,1,1,1
146,1,1,1,0
5630,0,1,1,0
1986,1,1,1,0
1369,0,2,4,0
6546,0,1,3,1
6051,1,1,3,0
2811,1,1,6,0
659,0,2,1,1
1794,1,1,1,0
2511,1,1,6,1
3397,0,1,1,0
4282,0,1,7,1
1147,1,1,3,0
3272,1,1,1,1
608,1,2,1,1
6287,0,1,1,0
3582,1,1,1,1
1930,0,1,0,1
197,0,1,2,0
2931,0,1,6,0
2327,1,1,1,1
4389,1,1,1,0
766,0,1,3,0
4496,0,1,3,0
4218,1,1,2,1
3255,1,1,1,1
202,0,1,1,1
3510,0,1,1,2
4931,1,1,1,0
6390,0,1,3,0
5535,0,2,4,1
1733,0,1,5,0
5791,1,1,1,0
2777,1,1,6,0
1707,0,1,1,1
5172,0,1,1,2
5249,1,1,0,0
5757,0,1,2,1
3474,1,2,1,0
6528,1,1,1,1
5855,0,1,3,1
854,0,1,3,1
5685,0,1,0,2
6363,0,1,0,0
4737,0,1,1,0
4097,1,1,1,0
2160,1,2,2,1
698,0,0,2,0
7086,0,1,1,0
2999,1,1,1,1
3696,0,2,1,1
1636,0,2,4,1
3457,1,1,1,1
3581,1,1,1,0
1291,0,1,2,2
4659,0,1,8,1
6585,0,1,1,0
5616,0,2,4,1
1853,1,1,2,1
5232,0,1,1,1
3763,1,1,1,0
3304,0,1,1,2
7039,0,1,1,1
5727,1,1,1,1
3743,0,2,8,1
3445,1,1,1,1
1998,1,1,0,1
663,1,1,1,1
4779,1,1,1,0
5353,1,1,4,1
3748,1,1,7,1
4413,0,1,1,1
4744,1,1,0,0
5530,1,1,3,1
5575,1,1,2,0
709,0,1,2,2
1282,1,1,0,1
5864,1,1,3,0
5068,1,1,0,0
2675,1,0,6,1
6776,1,1,1,0
4029,0,1,1,0
1306,0,1,1,0
5496,1,1,0,0
5504,1,1,0,0
2237,1,1,1,1
3302,1,1,1,1
5592,1,1,0,1
2038,1,1,3,0
1529,0,1,1,0
1663,0,1,2,1
5450,1,1,0,2
7069,0,2,4,0
7095,0,1,2,0
3627,0,1,1,0
5739,0,1,0,1
5147,0,1,0,0
4891,0,0,1,0
2693,1,1,2,1
3060,1,1,1,0
1597,0,2,4,0
6700,0,1,1,0
2729,1,1,7,1
2625,0,1,6,1
5915,0,2,4,1
3157,1,2,1,0
3314,0,2,1,0
1722,1,1,0,1
5279,1,1,1,0
6668,1,1,2,0
1059,0,2,2,1
4636,1,1,0,1
3242,1,1,1,0
1678,0,1,0,1
6892,1,1,1,0
6374,1,0,0,1
6628,1,0,0,1
1757,0,1,0,1
6019,1,1,0,1
4191,1,1,1,1
5116,1,1,1,1
563,0,1,1,1
2790,1,2,6,0
863,1,1,2,1
1484,0,1,3,0
5977,1,1,1,0
5134,0,1,1,1
206,1,1,1,1
4488,1,1,1,1
6938,1,1,0,0
870,1,1,2,1
4493,1,1,2,1
6910,0,1,0,1
502,0,1,1,1
1028,1,1,1,0
3840,1,1,7,2
2690,0,1,6,1
5581,1,2,4,0
6756,0,0,0,1
5056,1,2,4,0
1570,0,2,4,0
2773,1,1,6,0
5991,1,1,1,1
2731,0,1,6,1
6242,0,1,0,1
804,0,2,0,2
5847,0,1,3,0
3645,0,1,7,1
2454,1,2,1,0
4598,1,1,3,0
3104,0,1,1,1
4875,0,1,2,0
5959,1,2,4,0
200,0,1,1,1
6278,0,1,1,1
3099,1,0,1,1
6184,0,1,4,0
2278,0,1,0,1
3561,1,1,2,0
5892,1,1,1,1
4474,0,0,7,1
6432,1,1,0,0
4514,1,1,2,1
5794,0,1,2,0
391,0,2,4,0
6736,1,1,1,1
5618,1,0,0,1
5258,1,1,3,1
1495,1,1,2,1
2695,0,1,7,1
2027,0,1,2,0
5248,0,1,1,0
5463,1,0,0,1
2568,1,1,2,1
64,0,1,1,1
3884,1,1,1,0
2062,0,1,0,1
5276,0,2,4,0
492,1,1,1,0
379,0,2,4,0
6331,0,1,1,1
4859,1,1,1,1
6360,1,1,0,1
3993,0,1,3,1
4887,1,1,1,0
1076,0,1,0,1
878,1,0,2,1
337,1,2,2,1
6863,1,1,1,1
6439,0,2,4,1
1016,1,1,1,1
1275,1,1,1,1
3798,1,1,7,1
4551,1,1,1,2
3342,0,0,1,1
4911,1,1,1,0
6413,0,1,0,0
995,1,1,1,0
1981,1,0,1,1
4297,0,1,8,1
161,1,1,0,1
5675,1,1,0,0
6873,0,1,0,0
6545,0,1,3,1
4798,1,1,1,1
1500,1,2,1,0
3843,0,1,1,1
5225,0,1,0,2
2613,1,1,2,1
3461,0,1,1,0
1021,1,1,0,1
3073,1,1,1,0
3943,0,1,1,0
1585,1,2,1,0
1955,0,2,1,0
3152,0,1,1,1
6349,1,1,1,0
34,0,1,1,2
4014,1,1,1,0
775,1,1,1,0
2556,1,1,7,1
1478,0,1,1,0
5486,1,1,1,1
6235,1,1,1,1
1363,0,1,1,0
7041,0,2,1,0
2612,1,2,8,1
2824,1,2,6,0
2041,0,1,1,0
241,0,1,0,0
2061,0,1,0,1
2363,1,1,1,2
600,0,2,1,0
2435,0,2,3,1
5393,0,1,1,1
6310,0,1,1,1
2888,0,2,8,0
6164,1,2,4,1
646,1,0,1,1
3890,0,0,1,2
3556,1,1,2,1
3202,1,1,1,1
1528,1,1,1,1
6975,0,1,0,0
1267,1,0,0,1
1899,1,1,1,1
4658,1,1,0,0
3005,1,1,1,1
2734,0,0,7,2
7101,1,1,1,1
189,0,2,3,1
1806,1,1,1,1
975,1,1,2,1
2747,1,1,2,0
2047,0,1,1,1
2558,0,1,2,1
1082,1,1,1,1
474,1,2,1,0
2904,0,1,7,0
4843,0,1,2,1
6396,0,1,0,1
4117,1,1,1,1
3385,1,1,1,1
4555,1,0,2,2
1184,1,1,1,1
6420,1,0,0,2
5051,1,1,1,0
5311,1,1,1,0
2433,1,1,1,1
6949,1,1,0,0
5611,1,1,0,1
2391,1,1,0,1
769,0,1,2,1
1685,1,1,2,1
130,0,2,1,0
2919,0,2,8,0
3171,1,0,1,2
3444,1,1,1,1
6231,1,1,1,0
5578,1,1,2,0
4426,1,1,7,1
5334,0,1,2,0
466,1,1,1,1
6265,1,1,1,0
5734,0,1,1,0
3092,0,1,1,0
3772,1,1,8,2
5191,1,1,1,0
5226,0,2,3,0
5390,0,1,3,0
860,1,1,3,1
